"id","name","phone","email","website","slug","source_url"
"886","3P VALLEY TOURS","+975 17731135","tmzbuilders2@gmail.com","http://bhutanguidetravels.com","3p-valley-tours","https://services.bhutan.travel/search/tour-operator/3p-valley-tours"
"83","4 Seasons Adventure- Bhutan","+975 17750880","info.4seasonsadventure@gmail.com","http://www.4seasonsadventure.com","4-seasons-adventure-bhutan","https://services.bhutan.travel/search/tour-operator/4-seasons-adventure-bhutan"
"1302","7Continents Adventures","+975 17834247","7continentsadventures@gmail.com","http://7continentsadventures.com","7continents-adventures","https://services.bhutan.travel/search/tour-operator/7continents-adventures"
"1502","8 Hu TanNess","+975 17344490","888hutanness@gmail.com","http://www.8-hutanness.com","8-hu-tanness","https://services.bhutan.travel/search/tour-operator/8-hu-tanness"
"1512","A Bhutan 888 Tours & Treks","+975 17619068","xcennor@gmail.com","http://bhutan888.com","a-bhutan-888-tours-treks","https://services.bhutan.travel/search/tour-operator/a-bhutan-888-tours-treks"
"1028","A Link To Bhutan","+975 17118583","linkbhutan@gmail.com","http://www.linktobhutan.com","a-link-to-bhutan","https://services.bhutan.travel/search/tour-operator/a-link-to-bhutan"
"800","A Treasure Door to Bhutan","+975 17111330","info@travelwithtreasuredoor.com.bt","https://travelwithtreasuredoor.com.bt","a-treasure-door-to-bhutan","https://services.bhutan.travel/search/tour-operator/a-treasure-door-to-bhutan"
"996","A Way to Bhutan Tours and Travels","+975 17740117","info@waytobhutan.com","http://waytobhutan.com","a-way-to-bhutan-tours-and-travels","https://services.bhutan.travel/search/tour-operator/a-way-to-bhutan-tours-and-travels"
"502","A3 Travel Services","+975 17671821","aaatravelagent2024@gmail.com","http://www.a3travelservices.com","a3-travel-services","https://services.bhutan.travel/search/tour-operator/a3-travel-services"
"30","Aaron Ace Bhutan Tours and Treks","+975 77777188","aaronacebhutan@gmail.com","http://www.aaronacebhutantoursandtreks.com","aaron-ace-bhutan-tours-and-treks","https://services.bhutan.travel/search/tour-operator/aaron-ace-bhutan-tours-and-treks"
"1173","Aarya Village Travel","+975 77622411","aaryatravelbhutan@gmail.com","http://aaryatour.com/#contact","aarya-village-travel","https://services.bhutan.travel/search/tour-operator/aarya-village-travel"
"75","AB Travel","+975 17117304","pwangchu@gmail.com","https://www.bhutantraveltourism.com","ab-travel","https://services.bhutan.travel/search/tour-operator/ab-travel"
"47","Abide Bhutan Adventure","+975 17725900","abidebtn@gmail.com","http://www.bhutantourtravel.com","abide-bhutan-adventure","https://services.bhutan.travel/search/tour-operator/abide-bhutan-adventure"
"871","Access Bhutan Tours & Treks","+975 17110720","accessbhutan@gmail.com","http://www.bhutantouroperators.net","access-bhutan-tours-treks","https://services.bhutan.travel/search/tour-operator/access-bhutan-tours-treks"
"1041","Accomplish Bhutan","+975 17714477","accomplishbhutan@gmail.com","http://www.bhutanaccomplish.com/","accomplish-bhutan","https://services.bhutan.travel/search/tour-operator/accomplish-bhutan"
"1462","Ace Happiness Travel","+975 16113890","info@acehappiness.bt","http://acehappiness.bt","ace-happiness-travel","https://services.bhutan.travel/search/tour-operator/ace-happiness-travel"
"1181","achivow travels","+975 77455740","achivow@gmail.com","https://travels.achivow.com","achivow-travels","https://services.bhutan.travel/search/tour-operator/achivow-travels"
"38","Across Bhutan","+975 17119644","acrossbhutan@gmail.com","http://www.travelacrossbhutan.com","across-bhutan","https://services.bhutan.travel/search/tour-operator/across-bhutan"
"741","Active Bhutan Tours and Treks","+975 77700017","activebhutantours@gmail.com","http://www.activebhutan.com.bt","active-bhutan-tours-and-treks","https://services.bhutan.travel/search/tour-operator/active-bhutan-tours-and-treks"
"543","AD Tours & Travel","+975 17351324","adbhutantours@gmail.com","http://www.adbhutantours.com","ad-tours-travel","https://services.bhutan.travel/search/tour-operator/ad-tours-travel"
"983","ADC Bhutan Tours","+975 17633904","adcbhutantours@gmail.com","http://www.adcbhutantours.com","adc-bhutan-tours","https://services.bhutan.travel/search/tour-operator/adc-bhutan-tours"
"1266","ADV TOURS AND TREKS","+975 77726478","advtourstreks@gmail.com","http://www.advtoursandtreks.info/","adv-tours-and-treks","https://services.bhutan.travel/search/tour-operator/adv-tours-and-treks"
"1353","Adventure Planet Travels","+975 17685640","adventureplanetravels@gmail.com","http://www.bhutanmotorbiking.com","adventure-planet-travels","https://services.bhutan.travel/search/tour-operator/adventure-planet-travels"
"662","Adventure Tours","+975 17638481","bhutanadventuretours@gmail.com","http://www.bhutanadventuretours.com","adventure-tours","https://services.bhutan.travel/search/tour-operator/adventure-tours"
"792","Adventures in Bhutan","+975 77290123","adventuresinbhutan@gmail.com","http://www.snowmantreks.com","adventures-in-bhutan","https://services.bhutan.travel/search/tour-operator/adventures-in-bhutan"
"731","adzom himalayan tours and treks","+975 17346600","adzomhimalayan@gmail.com","http://adzomhimalayan.com","adzom-himalayan-tours-and-treks","https://services.bhutan.travel/search/tour-operator/adzom-himalayan-tours-and-treks"
"730","Aeko Tours and Treks","+975 77335599","aekotoours@gmail.com","http://www.aekotours.com","aeko-tours-and-treks","https://services.bhutan.travel/search/tour-operator/aeko-tours-and-treks"
"1256","Affinity Bhutan Travel","+975 17737858","info@visit2bhutan.com","http://www.visit2bhutan.com","affinity-bhutan-travel","https://services.bhutan.travel/search/tour-operator/affinity-bhutan-travel"
"1481","Aha Bhutan Expeditions","+975 17891191","ahabhutan@gmail.com","http://www.ahabhutan.com","aha-bhutan-expeditions","https://services.bhutan.travel/search/tour-operator/aha-bhutan-expeditions"
"522","ALAYA @Traveling","+975 77219265","booking@travelingbhutan.com","http://www.travelingbhutan.com","alaya-at-traveling","https://services.bhutan.travel/search/tour-operator/alaya-at-traveling"
"1104","alem travel","+975 77376930","alembhutantravel@gmail.com","http://www.alemtravel.bt","alem-travel","https://services.bhutan.travel/search/tour-operator/alem-travel"
"843","All Access Bhutan","+975 17349263","emailbhutan@gmail.com","http://intobhutan.com","all-access-bhutan","https://services.bhutan.travel/search/tour-operator/all-access-bhutan"
"1316","All Bhutan Connection","+975 17110866","tshering.dhendup@abc.com.bt","http://www.abc.com.bt","all-bhutan-connection","https://services.bhutan.travel/search/tour-operator/all-bhutan-connection"
"641","All Inclusive Bhutan Tours","+975 17118009","allinclusivebhutantours@gmail.com","http://www.allinclusivebhutantours.com","all-inclusive-bhutan-tours","https://services.bhutan.travel/search/tour-operator/all-inclusive-bhutan-tours"
"1569","All Nations Adventures","+975 17551221","allnationsadventuresbtn@gmail.com","http://allnationsadventures.com","all-nations-adventures","https://services.bhutan.travel/search/tour-operator/all-nations-adventures"
"132","All Phenomena Adventure","+975 17578743","allphenomena888@gmail.com","http://www.apabhutan.com","all-phenomena-adventure","https://services.bhutan.travel/search/tour-operator/all-phenomena-adventure"
"1015","Alliance International Tours and Travels","+975 17851701","aitt226@gmail.com","http://alliancetoursandtravels.com","alliance-international-tours-and-travels","https://services.bhutan.travel/search/tour-operator/alliance-international-tours-and-travels"
"507","ALLURING BHUTAN TRAVELS","+975 17278313","alluringbhutantravels@gmail.com","http://www.alluringbhutan.com","alluring-bhutan-travels","https://services.bhutan.travel/search/tour-operator/alluring-bhutan-travels"
"1474","Alpine Tours and Travels","+975 17125242","adm@alpinetoursandtravels.com","http://alpinetoursandtravels.com/","alpine-tours-and-travels","https://services.bhutan.travel/search/tour-operator/alpine-tours-and-travels"
"86","Always Bhutan Travel","+975 17771152","alwaysbhutan@gmail.com","http://www.alwaysbhutan.com/","always-bhutan-travel","https://services.bhutan.travel/search/tour-operator/always-bhutan-travel"
"845","Amala Travel in Bhutan","+975 17381338","phubdorji881@gmail.com","http://amaladestinations.com","amala-travel-in-bhutan","https://services.bhutan.travel/search/tour-operator/amala-travel-in-bhutan"
"54","Amaloka Adventure","+975 17450449","rinzinlhamo51@gmail.com","http://amalokaadventure.bt","amaloka-adventure","https://services.bhutan.travel/search/tour-operator/amaloka-adventure"
"1592","Amantra Dragon","+975 17606663","amantradragon@gmail.com","http://amantradragontravels.com","amantra-dragon","https://services.bhutan.travel/search/tour-operator/amantra-dragon"
"558","Ambassador Holidays Planner","+975 17891750","bhutanambassadorholidays@gmail.com","http://www.bhutanambassadorholidays.com","ambassador-holidays-planner","https://services.bhutan.travel/search/tour-operator/ambassador-holidays-planner"
"498","Ambo tours & travel","+975 77222252","ambotravels@gmail.com","http://www.ambotours.com","ambo-tours-travel","https://services.bhutan.travel/search/tour-operator/ambo-tours-travel"
"510","Ambrosia Bhutan Travels","+975 17607304","bhutanambrosia@gmail.com","http://bhutanambrosia.com","ambrosia-bhutan-travels","https://services.bhutan.travel/search/tour-operator/ambrosia-bhutan-travels"
"597","Amedewa Tours And Trek","+975 17306726","travelamedewa@gmail.com","http://www.amedewa.com","amedewa-tours-and-trek","https://services.bhutan.travel/search/tour-operator/amedewa-tours-and-trek"
"110","AMEN BHUTAN TOURS & TREKS PVT LTD","+975 17556635","ranjit@amenbhutan.com","http://www.amenbhutan.com","amen-bhutan-tours-treks-pvt-ltd","https://services.bhutan.travel/search/tour-operator/amen-bhutan-tours-treks-pvt-ltd"
"754","Amiable Travels Bhutan","+975 17681330","amiablebhutantravels@gmail.com","http://www.amiablebhutantravels.com","amiable-travels-bhutan","https://services.bhutan.travel/search/tour-operator/amiable-travels-bhutan"
"1458","Amitabha Travels","+975 77326142","lobzangdorjibhutan777@gmail.com","http://amitabhatravels.com","amitabha-travels","https://services.bhutan.travel/search/tour-operator/amitabha-travels"
"709","Anywhere Bhutan Travel","+975 17459196","anywherebhutantravel@gmail.com","http://anywherebhutantravel.com","anywhere-bhutan-travel","https://services.bhutan.travel/search/tour-operator/anywhere-bhutan-travel"
"1547","Apala Travels & Adventures","+975 17575888","apalatravels289@gmail.com","http://www.apalatravels.com","apala-travels-adventures","https://services.bhutan.travel/search/tour-operator/apala-travels-adventures"
"961","Apax Travels","+975 77875844","apaxtravels@gmail.com","http://apaxtravels.com","apax-travels","https://services.bhutan.travel/search/tour-operator/apax-travels"
"1092","Ara Tours and Treks","+975 17113310","aratoursandtreks@gmail.bt","http://www.ara.bt","ara-tours-and-treks","https://services.bhutan.travel/search/tour-operator/ara-tours-and-treks"
"1666","Aravia Peaks","+975 17565604","bhutanaraviapeak@gmail.com","http://www.bhutanaraviapeaks.com","aravia-peaks","https://services.bhutan.travel/search/tour-operator/aravia-peaks"
"1030","Areo Tours","+975 77447655","areotours@gmail.com","http://www.areotours.com/","areo-tours","https://services.bhutan.travel/search/tour-operator/areo-tours"
"1648","Arise Tours & Travels","+975 77319405","arisebhutan@gmail.com","http://arisebhutan.com","arise-tours-travels","https://services.bhutan.travel/search/tour-operator/arise-tours-travels"
"1136","Artha Bhutan Tours and Trek","+975 17601731","arthabhutan@gmail.com","http://www.arthabhutantours.com","artha-bhutan-tours-and-trek","https://services.bhutan.travel/search/tour-operator/artha-bhutan-tours-and-trek"
"1240","As Bhutan Travels","+975 17664864","asbhutan@gmail.com","http://www.asbhutan.com","as-bhutan-travels","https://services.bhutan.travel/search/tour-operator/as-bhutan-travels"
"841","Asia Bhutan Travels","+975 17110511","asiabhutan@gmail.com","http://www.asiabhutantravel.com","asia-bhutan-travels","https://services.bhutan.travel/search/tour-operator/asia-bhutan-travels"
"1607","Asia Odyssey Travel","+975 77112888","service@asiaodysseytravel.com","http://www.bhutantrip.com","asia-odyssey-travel","https://services.bhutan.travel/search/tour-operator/asia-odyssey-travel"
"78","Asia Valleys Tours & Travels","+975 17171610","asiavalleystravels@gmail.com","http://www.asiavalleystravels.com/","asia-valleys-tours-travels","https://services.bhutan.travel/search/tour-operator/asia-valleys-tours-travels"
"1615","Asian Tours & Travel","+975 17264802","asiantourstravel057@gmail.com","http://asiantravelbhutan.com","asian-tours-travel","https://services.bhutan.travel/search/tour-operator/asian-tours-travel"
"1197","Associates Bhutan Adventure","+975 17631187","sangayaba@gmail.com","http://www.associateadventure.bt","associates-bhutan-adventure","https://services.bhutan.travel/search/tour-operator/associates-bhutan-adventure"
"760","ASTER TOURS & TRAVEL","+975 17368873","info@astertours.com","http://www.astertours.com","aster-tours-travel","https://services.bhutan.travel/search/tour-operator/aster-tours-travel"
"1548","Astra Tours & Trek","+975 17112436","info@astrabhutan.com","http://astratoursandtrek.com","astra-tours-trek","https://services.bhutan.travel/search/tour-operator/astra-tours-trek"
"908","Atmosphere Bhutan","+975 17312518","atmospherebhutan@gmail.com","http://www.atmospherebhutan.com","atmosphere-bhutan","https://services.bhutan.travel/search/tour-operator/atmosphere-bhutan"
"437","atsara tours","+975 77767393","info@atsaratours.com","http://www.atsaratours.com","atsara-tours","https://services.bhutan.travel/search/tour-operator/atsara-tours"
"338","Authentic Bhutan Tours","+975 17343434","info@authenticbhutantours.com","http://www.authenticbhutantours.com","authentic-bhutan-tours","https://services.bhutan.travel/search/tour-operator/authentic-bhutan-tours"
"1009","Azumi adventure","+975 17917330","drakpad56@gmail.com","http://azumiadventure.com/","azumi-adventure","https://services.bhutan.travel/search/tour-operator/azumi-adventure"
"1274","B' Expeditions","+975 17126358","contact@bhutanexpeditions.com","https://bhutanexpeditions.com/","b-expeditions","https://services.bhutan.travel/search/tour-operator/b-expeditions"
"1164","B Global Group Travels","+975 17523155","bhutanglobalgroup@gmail.com","http://bhutanglobalgroup.com/travel/","b-global-group-travels","https://services.bhutan.travel/search/tour-operator/b-global-group-travels"
"481","Back to Bhutan","+975 17866990","btbtravels@gmail.com","http://www.back2bhutan.com","back-to-bhutan","https://services.bhutan.travel/search/tour-operator/back-to-bhutan"
"1099","Backcountry Bhutan Tours and Treks","+975 77250171","backcountrybhutan@gmail.com","http://www.backcountrybhutan.com","backcountry-bhutan-tours-and-treks","https://services.bhutan.travel/search/tour-operator/backcountry-bhutan-tours-and-treks"
"1485","Basnet Adventures","+975 77333220","info@wonderbhutan.com","http://wonderbhutan.com","basnet-adventures","https://services.bhutan.travel/search/tour-operator/basnet-adventures"
"1324","Basudara Tours and Treks","+975 17333443","info@basudaratravels.com","http://www.basudaratravels.com","basudara-tours-and-treks","https://services.bhutan.travel/search/tour-operator/basudara-tours-and-treks"
"1575","Behind The Scenes","+975 77623821","sonamloday1983@gmail.com","http://bhutanbts.com","behind-the-scenes","https://services.bhutan.travel/search/tour-operator/behind-the-scenes"
"326","Believe with Happiness Tours","+975 77335125","believehappinesstours@gmail.com","http://bwht.bt","believe-with-happiness-tours","https://services.bhutan.travel/search/tour-operator/believe-with-happiness-tours"
"494","BELLA BHUTAN VISTA TOURS","+975 17640515","bellabhutanvista@gmail.com","http://bhutanbellavista.com/","bella-bhutan-vista-tours","https://services.bhutan.travel/search/tour-operator/bella-bhutan-vista-tours"
"882","Bespoke Bhutan Tours","+975 17626360","bespokebhutantours@gmail.com","http://www.bespokebhutantours.com","bespoke-bhutan-tours","https://services.bhutan.travel/search/tour-operator/bespoke-bhutan-tours"
"1193","Best of Tours","+975 17563726","info@bestofbhutan.com","http://bestofbhutan.com","best-of-tours","https://services.bhutan.travel/search/tour-operator/best-of-tours"
"1590","beyondwellnesstoursandtreks","+975 77981669","beyondwellnesstourstreks@gmail.com","http://www.beyondwellnesstrip.com/","beyondwellnesstoursandtreks","https://services.bhutan.travel/search/tour-operator/beyondwellnesstoursandtreks"
"1220","Bhutan 4 Friends Tours & Travles","+975 77950505","bhutan4friends@gmail.com","http://www.4friendstours.com","bhutan-4-friends-tours-travles","https://services.bhutan.travel/search/tour-operator/bhutan-4-friends-tours-travles"
"36","Bhutan Acorn Tours & Travel","+975 77655137","info@bhutanacorn.com","http://www.bhutan-acorn.com","bhutan-acorn-tours-travel","https://services.bhutan.travel/search/tour-operator/bhutan-acorn-tours-travel"
"847","Bhutan All Travels","+975 17600820","bhutanalltravels2013@gmail.com","http://www.bhutanalltravel.com","bhutan-all-travels","https://services.bhutan.travel/search/tour-operator/bhutan-all-travels"
"1072","Bhutan Ancestors Home Travel","+975 77649997","ancestorstravel@gmail.com","http://ancestorstravel.com","bhutan-ancestors-home-travel","https://services.bhutan.travel/search/tour-operator/bhutan-ancestors-home-travel"
"1208","Bhutan Archive Tours and Travels","+975 17622995","bhutanarchive2017@gmail.com","http://www.bhutanarchive.com","bhutan-archive-tours-and-travels","https://services.bhutan.travel/search/tour-operator/bhutan-archive-tours-and-travels"
"32","Bhutan Aries Tours and Treks","+975 17473694","bhutanaries@gmail.com","http://www.bhutanaries.com","bhutan-aries-tours-and-treks","https://services.bhutan.travel/search/tour-operator/bhutan-aries-tours-and-treks"
"334","Bhutan Best Inbound Tour","+975 17334422","info@bhutaninbound.com","http://www.bhutaninbound.com","bhutan-best-inbound-tour","https://services.bhutan.travel/search/tour-operator/bhutan-best-inbound-tour"
"949","Bhutan Best Travel","+975 17161938","info@bhutanbesttravel.com","http://www.bhutanbesttravel.com","bhutan-best-travel","https://services.bhutan.travel/search/tour-operator/bhutan-best-travel"
"335","Bhutan Birding and Heritage Travels","+975 77110133","hisheytshering@gmail.com","http://www.bhutanheritage.com","bhutan-birding-and-heritage-travels","https://services.bhutan.travel/search/tour-operator/bhutan-birding-and-heritage-travels"
"34","Bhutan Blue Pearl Travel","+975 77452323","sonam666sonam@gmail.com","http://www.bluepearlbhutan.com","bhutan-blue-pearl-travel","https://services.bhutan.travel/search/tour-operator/bhutan-blue-pearl-travel"
"446","Bhutan Blue Sheep Tours & Travels","+975 17609980","bhutanbluesheeptours@gmail.com","http://www.bhutanbluesheeptours.com","bhutan-blue-sheep-tours-travels","https://services.bhutan.travel/search/tour-operator/bhutan-blue-sheep-tours-travels"
"1026","Bhutan Bon Voyage Tours and Treks","+975 17594778","bhutanbonvoyage@gmail.com","http://www.bhutanbonvoyage.com","bhutan-bon-voyage-tours-and-treks","https://services.bhutan.travel/search/tour-operator/bhutan-bon-voyage-tours-and-treks"
"650","Bhutan Buddha Travellers","+975 17813175","bhutanbuddhatravellers@gmail.com","http://www.bhutanbuddhatravellers.com/","bhutan-buddha-travellers","https://services.bhutan.travel/search/tour-operator/bhutan-buddha-travellers"
"1018","Bhutan By Experts","+975 77418869","bhutanbyexperts@gmail.com","HTTPS://www.bhutanbyexperts.com","bhutan-by-experts","https://services.bhutan.travel/search/tour-operator/bhutan-by-experts"
"1326","Bhutan Charu Tours & Treks","+975 17607778","bhutancharu@gmail.com","http://www.bhutancharutours.com","bhutan-charu-tours-treks","https://services.bhutan.travel/search/tour-operator/bhutan-charu-tours-treks"
"1507","Bhutan Classic Adventure bike Tours","+975 17601917","bhutanclassicadventurebiketour@gmail.com","http://www.motobhutan.com","bhutan-classic-adventure-bike-tours","https://services.bhutan.travel/search/tour-operator/bhutan-classic-adventure-bike-tours"
"638","Bhutan Concierge","+975 17777712","info@bhutanconcierge.com","http://www.bhutanconcierge.com","bhutan-concierge","https://services.bhutan.travel/search/tour-operator/bhutan-concierge"
"563","Bhutan Creative Tours","+975 17333222","info@bct.com.bt","http://www.bhutancreativetour.com","bhutan-creative-tours","https://services.bhutan.travel/search/tour-operator/bhutan-creative-tours"
"116","Bhutan Delight Tours & Treks","+975 17656440","bhutandelight@mail.com","http://bhutandelight.com","bhutan-delight-tours-treks","https://services.bhutan.travel/search/tour-operator/bhutan-delight-tours-treks"
"470","Bhutan Dendrobium Tour & Trek","+975 17609354","bhutandendrobium@gmail.com","http://www.bhutandendrobium.com/","bhutan-dendrobium-tour-trek","https://services.bhutan.travel/search/tour-operator/bhutan-dendrobium-tour-trek"
"671","Bhutan Dew Drop Traval","+975 17670311","tsheringy2009@gmail.com","http://www.bhutanddtravel.com","bhutan-dew-drop-traval","https://services.bhutan.travel/search/tour-operator/bhutan-dew-drop-traval"
"1469","Bhutan Dhenzang Travel & Tours","+975 17118668","info@bhutantraveltours.com","http://bhutantraveltours.com","bhutan-dhenzang-travel-tours","https://services.bhutan.travel/search/tour-operator/bhutan-dhenzang-travel-tours"
"109","Bhutan DMC","+975 77107844","info@dmcofbhutan.com","https://www.dmcofbhutan.com","bhutan-dmc","https://services.bhutan.travel/search/tour-operator/bhutan-dmc"
"41","Bhutan Dorji Holidays","+975 17124567","bhutan3000@gmail.com","http://www.dorjibhutan.com","bhutan-dorji-holidays","https://services.bhutan.travel/search/tour-operator/bhutan-dorji-holidays"
"551","Bhutan Druk Adventure","+975 17592231","info@bhutandrukadventure.com","http://www.bhutandrukadventure.com","bhutan-druk-adventure","https://services.bhutan.travel/search/tour-operator/bhutan-druk-adventure"
"895","Bhutan Dynasty Travel","+975 17111048","bhutandynasty@gmail.com","http://www.bhutandynastytravel.bt","bhutan-dynasty-travel","https://services.bhutan.travel/search/tour-operator/bhutan-dynasty-travel"
"944","Bhutan Eco Holiday","+975 17640671","bhutanecoholiday@gmail.com","http://www.bhutanecoholiday.com","bhutan-eco-holiday","https://services.bhutan.travel/search/tour-operator/bhutan-eco-holiday"
"1089","Bhutan Eka Tours","+975 17776660","bhutaneka@gmail.com","http://www.bhutaneka.travel","bhutan-eka-tours","https://services.bhutan.travel/search/tour-operator/bhutan-eka-tours"
"336","Bhutan Enlightened Tours and Treks","+975 17112747","info@bhutanenlightened.com","http://www.bhutanenlightened.com","bhutan-enlightened-tours-and-treks","https://services.bhutan.travel/search/tour-operator/bhutan-enlightened-tours-and-treks"
"617","Bhutan EverAce Travel","+975 17719207","everacetravel@gmail.com","http://www.bhutaneveracetravel.com/","bhutan-everace-travel","https://services.bhutan.travel/search/tour-operator/bhutan-everace-travel"
"51","Bhutan Everest Tours and Treks","+975 17640420","travelbhutanese@gmail.com","http://www.bhutanesetours.com","bhutan-everest-tours-and-treks","https://services.bhutan.travel/search/tour-operator/bhutan-everest-tours-and-treks"
"756","Bhutan Exodus Tours","+975 77114164","padro36@gmail.com","http://www.bhutanexodustours.com","bhutan-exodus-tours","https://services.bhutan.travel/search/tour-operator/bhutan-exodus-tours"
"92","Bhutan Exotic Adventure Travel","+975 17111106","bhutanexotic@gmail.com","http://www.bhutanexotic.com","bhutan-exotic-adventure-travel","https://services.bhutan.travel/search/tour-operator/bhutan-exotic-adventure-travel"
"1190","Bhutan Expeditions","+975 17110888","tsewangnidup@yahoo.com","http://bhutanexpeditions.bt","bhutan-expeditions","https://services.bhutan.travel/search/tour-operator/bhutan-expeditions"
"910","Bhutan Expert Travels","+975 17119392","bhutanexperttravels@gmail.com","http://www.bhutanexpert.com","bhutan-expert-travels","https://services.bhutan.travel/search/tour-operator/bhutan-expert-travels"
"1171","Bhutan Extreme Trips","+975 77162424","info@bhutanextremetrips.com","http://www.bhutanextremetrips.com","bhutan-extreme-trips","https://services.bhutan.travel/search/tour-operator/bhutan-extreme-trips"
"572","Bhutan First Adventure","+975 17673481","bhutanfirstadventure@gmail.com","http://bhutanfirstadventure.com/","bhutan-first-adventure","https://services.bhutan.travel/search/tour-operator/bhutan-first-adventure"
"1031","Bhutan Flower Tours and Treks","+975 77737319","bhutanflowertour@gmail.com","http://www.bhutanflowertour.bt","bhutan-flower-tours-and-treks","https://services.bhutan.travel/search/tour-operator/bhutan-flower-tours-and-treks"
"1357","Bhutan Footprints Travel","+975 17118966","info@tourbhutantravel.com","http://www.tourbhutantravel.com","bhutan-footprints-travel","https://services.bhutan.travel/search/tour-operator/bhutan-footprints-travel"
"1288","Bhutan Frontline Travels","+975 77203848","bhutanfrontlinetravels@gmail.com","http://bhutanfrontlinetravels.com","bhutan-frontline-travels","https://services.bhutan.travel/search/tour-operator/bhutan-frontline-travels"
"875","Bhutan Gangchen Tours & Travel","+975 77305489","gangchentours123@gmail.com","http://bhutangangchentour.com","bhutan-gangchen-tours-travel","https://services.bhutan.travel/search/tour-operator/bhutan-gangchen-tours-travel"
"654","Bhutan Gangyul Tours","+975 17608524","bhutangangyul@gmail.com","http://bhutangangyul.bt","bhutan-gangyul-tours","https://services.bhutan.travel/search/tour-operator/bhutan-gangyul-tours"
"648","Bhutan Gateway Travel","+975 17117212","info@bhutangateway.com","http://www.bhutangateway.com","bhutan-gateway-travel","https://services.bhutan.travel/search/tour-operator/bhutan-gateway-travel"
"297","Bhutan Gayul Tours","+975 17162393","bhutangayul@gmail.com","http://www.bhutangayul.com","bhutan-gayul-tours","https://services.bhutan.travel/search/tour-operator/bhutan-gayul-tours"
"900","Bhutan GBS Tours and Travel","+975 17856088","bhutangbs@gmail.com","http://www.bhutangbstours.com","bhutan-gbs-tours-and-travel","https://services.bhutan.travel/search/tour-operator/bhutan-gbs-tours-and-travel"
"1262","Bhutan GNH Heritage Travel","+975 17615474","bhutangnhheritage@gmail.com","http://www.bhutangnhtravels.com","bhutan-gnh-heritage-travel","https://services.bhutan.travel/search/tour-operator/bhutan-gnh-heritage-travel"
"605","Bhutan Green Travel (BGT)","+975 17619661","info@bhutangreentravel.com","http://www.bhutangreentravel.com","bhutan-green-travel-bgt","https://services.bhutan.travel/search/tour-operator/bhutan-green-travel-bgt"
"1679","Bhutan High End Tours","+975 77322516","bhutanhighendtours@gmail.com","http://www.bhutanhighendtours.com","bhutan-high-end-tours","https://services.bhutan.travel/search/tour-operator/bhutan-high-end-tours"
"288","Bhutan Highlight Tours and Trek","+975 17842962","bhutanhighlight@gmail.com","http://www.btnhighlight.com","bhutan-highlight-tours-and-trek","https://services.bhutan.travel/search/tour-operator/bhutan-highlight-tours-and-trek"
"952","Bhutan Himalayan Holidays","+975 17111964","tshewang.penjor@gmail.com","http://bhutanculturaltravel.com","bhutan-himalayan-holidays","https://services.bhutan.travel/search/tour-operator/bhutan-himalayan-holidays"
"752","Bhutan Holiday Planner","+975 17608328","info@bhutanholidayplanner.com","https://www.bhutanholidayplanner.com","bhutan-holiday-planner","https://services.bhutan.travel/search/tour-operator/bhutan-holiday-planner"
"853","Bhutan Holiday Trips","+975 77223020","bht.bhutan@gmail.com","http://www.bhutanholidaytrips.com","bhutan-holiday-trips","https://services.bhutan.travel/search/tour-operator/bhutan-holiday-trips"
"550","Bhutan Homestay","+975 77404144","schoeden@bhtanhomestay.com","http://bhutanhomestay.com","bhutan-homestay","https://services.bhutan.travel/search/tour-operator/bhutan-homestay"
"826","Bhutan Hungrel Tours & Treks","+975 17473936","hungrelbhutan@gmail.com","https://hungrel.com","bhutan-hungrel-tours-treks","https://services.bhutan.travel/search/tour-operator/bhutan-hungrel-tours-treks"
"587","Bhutan Impact Travels","+975 77796844","pemyang@bpvbhutan.com","http://www.bpvbhutan.com/bhutan-impact-travels","bhutan-impact-travels","https://services.bhutan.travel/search/tour-operator/bhutan-impact-travels"
"509","Bhutan in Style","+975 17164526","schoden27@gmail.com","http://www.bhutan-in-style.com","bhutan-in-style","https://services.bhutan.travel/search/tour-operator/bhutan-in-style"
"118","Bhutan Inner Peace Travels","+975 77386950","bhutaninnerpeace@gmail.com","http://www.touroperatorbhutan.com","bhutan-inner-peace-travels","https://services.bhutan.travel/search/tour-operator/bhutan-inner-peace-travels"
"1051","Bhutan Inspiration Adventure","+975 17560146","btninsp@gmail.com","http://www.bhutaninspiration.com","bhutan-inspiration-adventure","https://services.bhutan.travel/search/tour-operator/bhutan-inspiration-adventure"
"700","Bhutan Introducing Nature and Culture","+975 17830595","bhutaninc@gmail.com","http://www.bhutaninc.com","bhutan-introducing-nature-and-culture","https://services.bhutan.travel/search/tour-operator/bhutan-introducing-nature-and-culture"
"1460","Bhutan Jasmine Tours","+975 17115008","choniome@gmail.com","http://www.bhutanjasmine.com","bhutan-jasmine-tours","https://services.bhutan.travel/search/tour-operator/bhutan-jasmine-tours"
"585","Bhutan Jewel Travel","+975 17113772","bhutanjewel@gmail.com","http://bhutanjeweltravel.bt","bhutan-jewel-travel","https://services.bhutan.travel/search/tour-operator/bhutan-jewel-travel"
"736","Bhutan Jixiang Travel","+975 17413496","info@bhutanjixiangtravel.com","http://www.bhutanjixiangtravel.com","bhutan-jixiang-travel","https://services.bhutan.travel/search/tour-operator/bhutan-jixiang-travel"
"870","Bhutan Journeys","+975 77370717","bhutanjourneys2005@gmail.com","http://www.bhutanjourneys.com","bhutan-journeys","https://services.bhutan.travel/search/tour-operator/bhutan-journeys"
"609","Bhutan Karma Trails","+975 77174087","sonam.jamtso@bhutankarmatrails.com","http://www.bhutankarmatrails.com","bhutan-karma-trails","https://services.bhutan.travel/search/tour-operator/bhutan-karma-trails"
"1269","Bhutan Kaze Tours & Treks","+975 17110007","bhutankaze@gmail.com","http://www.bhutankaze.travel","bhutan-kaze-tours-treks","https://services.bhutan.travel/search/tour-operator/bhutan-kaze-tours-treks"
"1158","Bhutan Kidh-chong Travel","+975 77447000","bhutankidhchong@gmail.com","http://www.bhutankidhchong.com","bhutan-kidh-chong-travel","https://services.bhutan.travel/search/tour-operator/bhutan-kidh-chong-travel"
"544","Bhutan Kurukulle Adventures","+975 16112313","kurukulleadv@gmail.com","http://www.bhutankurukulleadventures.com","bhutan-kurukulle-adventures","https://services.bhutan.travel/search/tour-operator/bhutan-kurukulle-adventures"
"88","Bhutan Lakhor Tours &Treks","+975 17114445","prayerwheel11@gmail.com","http://www.bhutanprayerwheel.com","bhutan-lakhor-tours-treks","https://services.bhutan.travel/search/tour-operator/bhutan-lakhor-tours-treks"
"607","Bhutan Land of happiness Tours","+975 17377777","bhutanlhtours@gmail.com","http://www.bhutanlhtours.com","bhutan-land-of-happiness-tours","https://services.bhutan.travel/search/tour-operator/bhutan-land-of-happiness-tours"
"717","Bhutan Leading Travel","+975 77209888","bhutanleadingtravel@gmail.com","http://www.bhutanleadingtravel.com","bhutan-leading-travel","https://services.bhutan.travel/search/tour-operator/bhutan-leading-travel"
"1011","Bhutan Lhakthong Adventure","+975 17614663","lhakthongtours@gmail.com","http://www.lhakthongadventure.bt","bhutan-lhakthong-adventure","https://services.bhutan.travel/search/tour-operator/bhutan-lhakthong-adventure"
"702","Bhutan Lhayi Zeydhan Tours and Travels","+975 77755933","blzbhutantours@gmail.com","http://www.blzbhutantours.com","bhutan-lhayi-zeydhan-tours-and-travels","https://services.bhutan.travel/search/tour-operator/bhutan-lhayi-zeydhan-tours-and-travels"
"431","Bhutan Lhayul Tours and Travels","+975 17140911","bhutanlhayul@gmail.com","http://lhayul.com/","bhutan-lhayul-tours-and-travels","https://services.bhutan.travel/search/tour-operator/bhutan-lhayul-tours-and-travels"
"419","Bhutan Lhomen Adventure","+975 17111339","bhutanlhomen.adventure@gmail.com","http://bhutanlhomenadventure.com","bhutan-lhomen-adventure","https://services.bhutan.travel/search/tour-operator/bhutan-lhomen-adventure"
"1170","Bhutan Life Exposure Tours and Trek","+975 77111883","bletours@gmail.com","http://www.bletour.com","bhutan-life-exposure-tours-and-trek","https://services.bhutan.travel/search/tour-operator/bhutan-life-exposure-tours-and-trek"
"1241","Bhutan Lilly Travels","+975 77107524","bhutanlillytravels@gmail.com","http://www.bhutanlillytravels.com","bhutan-lilly-travels","https://services.bhutan.travel/search/tour-operator/bhutan-lilly-travels"
"21","Bhutan Maitreya Tusita Travel","+975 77113397","bhutanmaitreya2017@gmail.com","http://www.bhutanmaitreya.com","bhutan-maitreya-tusita-travel","https://services.bhutan.travel/search/tour-operator/bhutan-maitreya-tusita-travel"
"981","Bhutan Majestic Travel","+975 17111095","info@bhutanmajestictravel.com","http://www.bhutanmajestictravel.com","bhutan-majestic-travel","https://services.bhutan.travel/search/tour-operator/bhutan-majestic-travel"
"1661","Bhutan Mandala Tours & Treks","+975 17111704","bhutanmandala2023@gmail.com","http://www.bhumandalatravels.com","bhutan-mandala-tours-treks","https://services.bhutan.travel/search/tour-operator/bhutan-mandala-tours-treks"
"915","Bhutan Meonyul Tours and Treks","+975 77441105","bhutanmeonyul@gmail.com","http://www.bhutanmeonyultours.com","bhutan-meonyul-tours-and-treks","https://services.bhutan.travel/search/tour-operator/bhutan-meonyul-tours-and-treks"
"300","BHUTAN MIND VACATION TOURS","+975 77636226","mindvacationtoursbhutan@gmail.com","http://www.bhutanmindvacation.com","bhutan-mind-vacation-tours","https://services.bhutan.travel/search/tour-operator/bhutan-mind-vacation-tours"
"822","Bhutan Mountain Adventures","+975 77111439","bhutanmba2008@gmail.com","http://www.bma.bt","bhutan-mountain-adventures","https://services.bhutan.travel/search/tour-operator/bhutan-mountain-adventures"
"45","Bhutan Mountain Holiday","+975 17113661","bmhkarma@gmail.com","http://www.bhutanmountainholiday.com","bhutan-mountain-holiday","https://services.bhutan.travel/search/tour-operator/bhutan-mountain-holiday"
"1499","Bhutan Mystical Tours & Adventures","+975 17756923","bhutanmysticaltours@gmail.com","http://bhutanmystical.com","bhutan-mystical-tours-adventures","https://services.bhutan.travel/search/tour-operator/bhutan-mystical-tours-adventures"
"969","Bhutan Namdruk Adventure","+975 17602566","thinleywangchuk@hotmail.com","http://www.bhutannamdruk.com","bhutan-namdruk-adventure","https://services.bhutan.travel/search/tour-operator/bhutan-namdruk-adventure"
"1284","Bhutan Namzang Happy Tours and Treks","+975 77202999","bhutannamzang2017@gmail.com","http://www.bhutannamzangtourstreks.com","bhutan-namzang-happy-tours-and-treks","https://services.bhutan.travel/search/tour-operator/bhutan-namzang-happy-tours-and-treks"
"306","Bhutan National Travels","+975 17390160","bhtnationaltravels@gmail.com","http://www.bhtnationaltravels.com","bhutan-national-travels","https://services.bhutan.travel/search/tour-operator/bhutan-national-travels"
"810","Bhutan Network Link","+975 17748286","bnl@bhutannetworklink.com","http://www.bhutannetworklink.com","bhutan-network-link","https://services.bhutan.travel/search/tour-operator/bhutan-network-link"
"483","Bhutan Nima Tours and Travels","+975 77439621","bhutannima51@gmail.com","http://www.bhutannimatoursandtravels.com","bhutan-nima-tours-and-travels","https://services.bhutan.travel/search/tour-operator/bhutan-nima-tours-and-travels"
"1053","Bhutan Nomad Adventures","+975 17118778","travel@bhutannomad.com","http://www.bhutannomad.com","bhutan-nomad-adventures","https://services.bhutan.travel/search/tour-operator/bhutan-nomad-adventures"
"418","Bhutan Nyinzer Expeditions","+975 17111590","bhutannyinzer@gmail.com","http://www.vacationsinbhutan.com","bhutan-nyinzer-expeditions","https://services.bhutan.travel/search/tour-operator/bhutan-nyinzer-expeditions"
"594","Bhutan old monk Tours and trek","+975 17625434","bhutanoldmonk@gmail.com","http://www.bhutanoldmonktravels.com","bhutan-old-monk-tours-and-trek","https://services.bhutan.travel/search/tour-operator/bhutan-old-monk-tours-and-trek"
"691","Bhutan Olive Tours and Treks","+975 17804239","bhutanolivett@gmail.com","http://www.olivebhutan.com","bhutan-olive-tours-and-treks","https://services.bhutan.travel/search/tour-operator/bhutan-olive-tours-and-treks"
"806","Bhutan Omkara Tours And Travels","+975 17307500","bhutanomkaratravels@gmail.com","http://www.bhutantripsandtreks.com","bhutan-omkara-tours-and-travels","https://services.bhutan.travel/search/tour-operator/bhutan-omkara-tours-and-travels"
"31","Bhutan Online Booking Travel","+975 17792453","onlinebhutan@gmail.com","http://www.bhutanonlinetravels.com","bhutan-online-booking-travel","https://services.bhutan.travel/search/tour-operator/bhutan-online-booking-travel"
"803","Bhutan Outdoors Unlimited","+975 17600076","bouadventures@gmail.com","http://bhutanunlimited.com","bhutan-outdoors-unlimited","https://services.bhutan.travel/search/tour-operator/bhutan-outdoors-unlimited"
"64","Bhutan Peaceful Tours & Treks","+975 17140297","peacefultour7@gmail.com","http://www.bhutanpeacefultour.com","bhutan-peaceful-tours-treks","https://services.bhutan.travel/search/tour-operator/bhutan-peaceful-tours-treks"
"620","Bhutan Peak Adventure","+975 77712404","peakadventurebhutan@gmail.com","http://bhutanpeakadventure.com","bhutan-peak-adventure","https://services.bhutan.travel/search/tour-operator/bhutan-peak-adventure"
"19","Bhutan Pelyab Tours And Treks","+975 17952136","info@bhutanpelyabtours.com","http://bhutanpelyabtours.com","bhutan-pelyab-tours-and-treks","https://services.bhutan.travel/search/tour-operator/bhutan-pelyab-tours-and-treks"
"137","Bhutan Personal Tours","+975 17609314","bhutanpersonaltours@gmail.com","http://www.bhutanpersonaltours.com","bhutan-personal-tours","https://services.bhutan.travel/search/tour-operator/bhutan-personal-tours"
"835","Bhutan Pine Castle Tours","+975 17687624","bhutanpinecastle@gmail.com","http://www.bhutanpinecastle.com","bhutan-pine-castle-tours","https://services.bhutan.travel/search/tour-operator/bhutan-pine-castle-tours"
"781","Bhutan Precious Destination","+975 17670141","bhutanprecious@gmail.com","http://www.bhutanprecious.com","bhutan-precious-destination","https://services.bhutan.travel/search/tour-operator/bhutan-precious-destination"
"439","Bhutan Pristine Tours & Trek","+975 17692283","pristine39@yahoo.com","http://www.bhutanpristine.com.bt","bhutan-pristine-tours-trek","https://services.bhutan.travel/search/tour-operator/bhutan-pristine-tours-trek"
"785","Bhutan Raewa Travels","+975 17643164","bhutanraewatravels@gmail.com","http://www.bhutanraewatravels.com","bhutan-raewa-travels","https://services.bhutan.travel/search/tour-operator/bhutan-raewa-travels"
"520","Bhutan Red Lion Travels","+975 77209003","bhutanredliontravel@gmail.com","http://www.red-lion-travel.com","bhutan-red-lion-travels","https://services.bhutan.travel/search/tour-operator/bhutan-red-lion-travels"
"1243","Bhutan Rides","+975 77220499","info@bhutanrides.com","http://bhutanrides.com","bhutan-rides","https://services.bhutan.travel/search/tour-operator/bhutan-rides"
"1356","Bhutan Rila Expeditions","+975 17117611","bhutanrila1@gmail.com","http://www.bhutanrila.com","bhutan-rila-expeditions","https://services.bhutan.travel/search/tour-operator/bhutan-rila-expeditions"
"712","bhutan roundabout tours","+975 77726934","bhutanroundabouttours@gmail.com","http://www.bhutanroundabouttour.com","bhutan-roundabout-tours","https://services.bhutan.travel/search/tour-operator/bhutan-roundabout-tours"
"735","Bhutan Sangay Tours & Trek","+975 17117954","bhutansangay1@gmail.com","http://www.bhutan-sangaytours.com/","bhutan-sangay-tours-trek","https://services.bhutan.travel/search/tour-operator/bhutan-sangay-tours-trek"
"566","Bhutan Scenic Tours","+975 17118111","bhutanscenictours@gmail.com","http://www.bhutanscenictours.com","bhutan-scenic-tours","https://services.bhutan.travel/search/tour-operator/bhutan-scenic-tours"
"1236","Bhutan Seriling  Travels","+975 77467666","serilingtravels@gmail.com","http://www.bhutanserilingtravels.com/","bhutan-seriling-travels","https://services.bhutan.travel/search/tour-operator/bhutan-seriling-travels"
"420","Bhutan Signature Tours","+975 17388888","bhutansignaturetours@gmail.com","http://www.bhutansignature.com","bhutan-signature-tours","https://services.bhutan.travel/search/tour-operator/bhutan-signature-tours"
"970","Bhutan Silverpine Tour & Treks","+975 17649720","bsptours.treks@gmail.com","https://travelwithsilverpine.com","bhutan-silverpine-tour-treks","https://services.bhutan.travel/search/tour-operator/bhutan-silverpine-tour-treks"
"337","Bhutan Sky Trails","+975 17607066","bhutanskytrails@gmail.com","http://www.bhutanskytrails.com","bhutan-sky-trails","https://services.bhutan.travel/search/tour-operator/bhutan-sky-trails"
"126","Bhutan Soul Tour & Travel","+975 17178888","ldorji@bhutansoul.com","http://www.bhutansoul.com","bhutan-soul-tour-travel","https://services.bhutan.travel/search/tour-operator/bhutan-soul-tour-travel"
"20","Bhutan Swallowtail Travels","+975 17131261","writetome@bhutanswallowtail.com","http://www.bhutantraveladvisor.com/","bhutan-swallowtail-travels","https://services.bhutan.travel/search/tour-operator/bhutan-swallowtail-travels"
"1013","Bhutan Sweet Memories Tours and Treks","+975 77280823","bhutansweetmemories@gmail.com","http://www.bhutansmtours.com","bhutan-sweet-memories-tours-and-treks","https://services.bhutan.travel/search/tour-operator/bhutan-sweet-memories-tours-and-treks"
"1412","BHUTAN TAKIN TRAILS","+975 17338844","yetimanbt@yahoo.com","http://www.bhutantakintrails.com","bhutan-takin-trails","https://services.bhutan.travel/search/tour-operator/bhutan-takin-trails"
"867","Bhutan Tara Excursion","+975 17810115","bhutantara2017@gmail.com","http://www.bhutantaraexcursion.com","bhutan-tara-excursion","https://services.bhutan.travel/search/tour-operator/bhutan-tara-excursion"
"636","Bhutan Tashi Pelbar Adventure","+975 17600271","bhutantashipelbar@gmail.com","http://www.bhutantashipelbar.com","bhutan-tashi-pelbar-adventure","https://services.bhutan.travel/search/tour-operator/bhutan-tashi-pelbar-adventure"
"987","Bhutan Thim Dorji Tours","+975 17755898","thimdorjitours@gmail.com","http://www.bhutanthimdorjitours.com","bhutan-thim-dorji-tours","https://services.bhutan.travel/search/tour-operator/bhutan-thim-dorji-tours"
"73","Bhutan Tigris Tours and Treks","+975 17413731","btntigris@gmail.com","http://www.bhutantigris.com","bhutan-tigris-tours-and-treks","https://services.bhutan.travel/search/tour-operator/bhutan-tigris-tours-and-treks"
"497","Bhutan Tourer","+975 17119808","bhutantourer@gmail.com","http://www.bhutantourer.com/","bhutan-tourer","https://services.bhutan.travel/search/tour-operator/bhutan-tourer"
"583","Bhutan Tourism Corporation Ltd","+975 17116313","operation@btclgroup.com","http://btcl.bt","bhutan-tourism-corporation-ltd","https://services.bhutan.travel/search/tour-operator/bhutan-tourism-corporation-ltd"
"60","Bhutan Tours and Travels","+975 77651980","info@bhutantoursandtravels.com","http://bhutantoursandtravels.com","bhutan-tours-and-travels","https://services.bhutan.travel/search/tour-operator/bhutan-tours-and-travels"
"66","Bhutan Travel Adventures","+975 17117793","info@bhutantraveladventures.com","http://www.bhutantraveladventures.com","bhutan-travel-adventures","https://services.bhutan.travel/search/tour-operator/bhutan-travel-adventures"
"488","Bhutan Travel Bureau","+975 17114222","tours@btb.com.bt","http://www.btb.com.bt","bhutan-travel-bureau","https://services.bhutan.travel/search/tour-operator/bhutan-travel-bureau"
"330","Bhutan Travel Center","+975 17775309","info@bhutantravelcenter.com","http://www.bhutantravelcenter.com/","bhutan-travel-center","https://services.bhutan.travel/search/tour-operator/bhutan-travel-center"
"1244","bhutan travel club","+975 77220498","trips@bhutantravelclub.com","http://bhutantravelclub.com","bhutan-travel-club","https://services.bhutan.travel/search/tour-operator/bhutan-travel-club"
"1012","Bhutan Travel Coordinator","+975 77712127","btcordinator@gmail.com","http://www.bhutantravelcoordinator.com","bhutan-travel-coordinator","https://services.bhutan.travel/search/tour-operator/bhutan-travel-coordinator"
"966","Bhutan Travel Experts","+975 17170888","hello@bhutantravelexp.com","http://bhutantravelexp.com","bhutan-travel-experts","https://services.bhutan.travel/search/tour-operator/bhutan-travel-experts"
"880","Bhutan Travel Gate","+975 77399640","bhutantravelgate@gmail.com","http://bhutanbesttouragent.com","bhutan-travel-gate","https://services.bhutan.travel/search/tour-operator/bhutan-travel-gate"
"1124","Bhutan Travel Guide","+975 17607545","anansg@gmail.com","http://www.druktravelguide.com","bhutan-travel-guide","https://services.bhutan.travel/search/tour-operator/bhutan-travel-guide"
"129","Bhutan Travel Guru","+975 77615269","info@bhutantravelguru.com","http://www.bhutantravelguru.com","bhutan-travel-guru","https://services.bhutan.travel/search/tour-operator/bhutan-travel-guru"
"1304","Bhutan Travel Now","+975 17719310","info@bhutantravelnow.com","http://www.bhutantravelnow.com","bhutan-travel-now","https://services.bhutan.travel/search/tour-operator/bhutan-travel-now"
"728","Bhutan Travel Service","+975 17110010","info@bhutantravel.com.bt","http://www.bhutantravel.com.bt","bhutan-travel-service","https://services.bhutan.travel/search/tour-operator/bhutan-travel-service"
"768","Bhutan Travelers","+975 77888222","info@bhutantravelers.com","https://www.bhutantravelers.com/","bhutan-travelers","https://services.bhutan.travel/search/tour-operator/bhutan-travelers"
"136","Bhutan Travelogue - Tours and Treks","+975 17117970","narbhutan@gmail.com","http://www.bhutantravelogue.com","bhutan-travelogue-tours-and-treks","https://services.bhutan.travel/search/tour-operator/bhutan-travelogue-tours-and-treks"
"460","BHUTAN Travelplus","+975 17685881","bhutantravelplus@gmail.com","http://www.bhutantravelplus.com","bhutan-travalplus","https://services.bhutan.travel/search/tour-operator/bhutan-travalplus"
"718","Bhutan TravelRouters Tours and Treks","+975 17814514","btravelrouters@gmail.com","https://www.bhutantravelrouters.bt/","bhutan-travelrouters-tours-and-treks","https://services.bhutan.travel/search/tour-operator/bhutan-travelrouters-tours-and-treks"
"1014","Bhutan Travels","+975 17762255","bestbhutantravels@gmail.com","http://bestbhutantravels.com","bhutan-travels","https://services.bhutan.travel/search/tour-operator/bhutan-travels"
"1080","Bhutan Trekking Services","+975 77773338","trekkingservices@gmail.com","http://bhutantrekkings.com","bhutan-trekking-services","https://services.bhutan.travel/search/tour-operator/bhutan-trekking-services"
"443","Bhutan Tropical Tours and Travel","+975 77200511","bhutantropical@gmail.com","https://bhutantropicaltours.com/","bhutan-tropical-tours-and-travel","https://services.bhutan.travel/search/tour-operator/bhutan-tropical-tours-and-travel"
"907","Bhutan Tshendhen Travel","+975 17629413","bhutantshendhentouragent@gmail.com","http://www.bhutantshendhentouragent.com","bhutan-tshendhen-travel","https://services.bhutan.travel/search/tour-operator/bhutan-tshendhen-travel"
"122","Bhutan TUSK Motorcycle Tours","+975 17163646","tuskbhutan@gmail.com","http://www.bhutantuskmotorcycle.com","bhutan-tusk-motorcycle-tours","https://services.bhutan.travel/search/tour-operator/bhutan-tusk-motorcycle-tours"
"1359","Bhutan Twin Travels","+975 17425455","kezangdruk@gmail.com","http://www.bhutantwintravels.com","bhutan-twin-travels","https://services.bhutan.travel/search/tour-operator/bhutan-twin-travels"
"1084","Bhutan Unshakable Tours and Treks","+975 17637286","bhutanunshakable@gmail.com","http://www.bhutanunshakable.com","bhutan-unshakable-tours-and-treks","https://services.bhutan.travel/search/tour-operator/bhutan-unshakable-tours-and-treks"
"332","Bhutan Utpala Tours","+975 17647881","bhutanutpalatours@gmail.com","http://www.bhutanutpalatours.com","bhutan-utpala-tours","https://services.bhutan.travel/search/tour-operator/bhutan-utpala-tours"
"581","Bhutan Vajra Adventures","+975 17497487","bhutanvajra@gmail.com","http://bhutanvajraadventure.com","bhutan-vajra-adventures","https://services.bhutan.travel/search/tour-operator/bhutan-vajra-adventures"
"979","Bhutan Virtual Travel","+975 17638946","bhutanvirtualtravel@gmail.com","http://www.bhutanvirtualtravel.com","bhutan-virtual-travel","https://services.bhutan.travel/search/tour-operator/bhutan-virtual-travel"
"793","BHUTAN VISIT","+975 17163190","info@bhutanvisit.com","http://www.bhutanvisit.com","bhutan-visit","https://services.bhutan.travel/search/tour-operator/bhutan-visit"
"582","Bhutan Walkers & Leisures","+975 17613203","info@bhutanwalkers.com","http://www.bhutanwalkers.com","bhutan-walkers-leisures","https://services.bhutan.travel/search/tour-operator/bhutan-walkers-leisures"
"757","Bhutan Wanderers Tours and Travels","+975 17654844","bhutanwanderers@gmail.com","http://www.bhutanwanderers.com","bhutan-wanderers-tours-and-travels","https://services.bhutan.travel/search/tour-operator/bhutan-wanderers-tours-and-travels"
"1307","Bhutan Yarden Tours & Treks","+975 17604549","yardentours@gmail.com","http://yardenbhutan.com","bhutan-yarden-tours-treks","https://services.bhutan.travel/search/tour-operator/bhutan-yarden-tours-treks"
"94","Bhutan Zangden Tours and Treks","+975 17127515","bhutanzangdentours@gmail.com","http://www.remotebhutan.com","bhutan-zangden-tours-and-treks","https://services.bhutan.travel/search/tour-operator/bhutan-zangden-tours-and-treks"
"928","Bhutan-Bhutan Travel","+975 17113936","info@bhutan-bhutan.com","http://www.bhutan-bhutan.com","bhutan-bhutan-travel","https://services.bhutan.travel/search/tour-operator/bhutan-bhutan-travel"
"994","Bhutanization Service (Travel Agent)","+975 17623770","bhutanizationservice@gmail.com","http://bhutanizationservice.com","bhutanization-service-travel-agent","https://services.bhutan.travel/search/tour-operator/bhutanization-service-travel-agent"
"866","Bhutan-White Mountain Tours","+975 17131430","info@whitemountainholiday.com","http://www.whitemountainholiday.com/","bhutan-white-mountain-tours","https://services.bhutan.travel/search/tour-operator/bhutan-white-mountain-tours"
"1399","Bhutmount Travel","+975 17202222","bhutmount@gmail.com","http://www.bhutmounttravel.com","bhutmount-travel","https://services.bhutan.travel/search/tour-operator/bhutmount-travel"
"312","Big Bhutan Tours","+975 77889325","bigbhutan@gmail.com","http://bigbhutantours.com","big-bhutan-tours","https://services.bhutan.travel/search/tour-operator/big-bhutan-tours"
"850","Bigfoot Tours and Treks","+975 17171273","bigfoottours24@gmail.com","http://www.bhutanbigfoot.com","bigfoot-tours-and-treks","https://services.bhutan.travel/search/tour-operator/bigfoot-tours-and-treks"
"820","Blessed Bhutan Adventure","+975 17602313","blessedbhutanadv@gmail.com","http://www.blessedbhutan.com","blessed-bhutan-adventure","https://services.bhutan.travel/search/tour-operator/blessed-bhutan-adventure"
"881","Bliss Bound Bhutan","+975 17625539","travel@blissboundbhutan.com","http://www.blissboundbhutan.com","bliss-bound-bhutan","https://services.bhutan.travel/search/tour-operator/bliss-bound-bhutan"
"1519","Blissful Odyssey Travel","+975 17920471","blissfulodysseytravel@gmail.com","http://www.blissfulodysseytravel.com","blissful-odyssey-travel","https://services.bhutan.travel/search/tour-operator/blissful-odyssey-travel"
"340","Blue Poppy Tours & Treks","+975 17181818","choki@bluepoppybhutan.com","http://www.bluepoppybhutan.com","blue-poppy-tours-treks","https://services.bhutan.travel/search/tour-operator/blue-poppy-tours-treks"
"1533","BlueSky travels","+975 17440684","blueskytravels.bt@gmail.com","http://www.bhutanblueskytravels.com","bluesky-travels","https://services.bhutan.travel/search/tour-operator/bluesky-travels"
"1550","BodhiTrail Journeys","+975 17170444","hello@bodhitrailjourneys.com","https://bodhitrailjourneys.com","bodhitrail-journeys","https://services.bhutan.travel/search/tour-operator/bodhitrail-journeys"
"39","BOOK BHUTAN TOUR","+975 77707109","info@bookbhutantour.com","http://www.bookbhutantour.com","book-bhutan-tour","https://services.bhutan.travel/search/tour-operator/book-bhutan-tour"
"124","Book My Tour and Travel","+975 77100394","info@bookmytour.bt","http://bookmytour.bt","book-my-tour-and-travel","https://services.bhutan.travel/search/tour-operator/book-my-tour-and-travel"
"579","Boon Bhutan Tours","+975 17385888","boonbhutantours@gmail.com","http://www.boonbhutantours.com","boon-bhutan-tours","https://services.bhutan.travel/search/tour-operator/boon-bhutan-tours"
"914","Boonserm Tours and Travels","+975 17627369","boonserm.tours@gmail.com","http://www.welcome2bhutan.bt","boonserm-tours-and-travels","https://services.bhutan.travel/search/tour-operator/boonserm-tours-and-travels"
"1085","Born Explorer","+975 17999315","tandinwma@gmail.com","http://www.ecobhutanadventures.com","born-explorer","https://services.bhutan.travel/search/tour-operator/born-explorer"
"90","Breathe Bhutan Adventures And Holidays","+975 77430698","kuzuzangpo@breathebhutan.com","http://www.breathebhutan.com","breathe-bhutan-adventures-and-holidays","https://services.bhutan.travel/search/tour-operator/breathe-bhutan-adventures-and-holidays"
"632","Breathtaking Bhutan Tours and Travels","+975 77112011","info@breathtakingbhutan.com","http://breathtakingbhutan.com","breathtaking-bhutan-tours-and-travels","https://services.bhutan.travel/search/tour-operator/breathtaking-bhutan-tours-and-travels"
"903","Bridge To Bhutan","+975 77207220","info@bridgetobhutan.com","http://www.bridgetobhutan.com","bridge-to-bhutan","https://services.bhutan.travel/search/tour-operator/bridge-to-bhutan"
"1233","BT Eternal Glory Tours and Treks","+975 17892339","eternalglory.bhutan@gmail.com","http://bteternalglory.com","bt-eternal-glory-tours-and-treks","https://services.bhutan.travel/search/tour-operator/bt-eternal-glory-tours-and-treks"
"1105","BTN The Traveller Tourism & Entertainment","+975 17397247","tashi@thetraveler.vn","http://www.thetraveller.vn","btn-the-traveller-tourism-entertainment","https://services.bhutan.travel/search/tour-operator/btn-the-traveller-tourism-entertainment"
"854","Butterlamp Tours","+975 17607933","butterlamptours@gmail.com","http://Butterlampbhutan.com","butterlamp-tours","https://services.bhutan.travel/search/tour-operator/butterlamp-tours"
"1406","Byways Tours and Travels","+975 77973131","bywaysinquiry@gmail.com","https://byways.bt","byways-tours-and-travels","https://services.bhutan.travel/search/tour-operator/byways-tours-and-travels"
"514","CAT Bhutan Tours and Treks","+975 17606363","catbhutan@gmail.com","http://www.catbhutan.com","cat-bhutan-tours-and-treks","https://services.bhutan.travel/search/tour-operator/cat-bhutan-tours-and-treks"
"1330","Celestial Adventures and Tours","+975 77387587","celestialtours13@gmail.com","http://celestialadventuretours.com","celestial-adventures-and-tours","https://services.bhutan.travel/search/tour-operator/celestial-adventures-and-tours"
"1001","Chakar Tours and Treks","+975 17170007","chakartours@gmail.com","http://www.chakartours.com","chakar-tours-and-treks","https://services.bhutan.travel/search/tour-operator/chakar-tours-and-treks"
"458","Chang Tours and Travel","+975 17600606","changtoursbhutan@gmail.com","http://changtoursbhutan.com","chang-tours-and-travel","https://services.bhutan.travel/search/tour-operator/chang-tours-and-travel"
"309","Changshe Norbu Tours & Treks","+975 17111503","bht403@yahoo.com","http://www.bhutanculturaltours.com","changshe-norbu-tours-treks","https://services.bhutan.travel/search/tour-operator/changshe-norbu-tours-treks"
"707","Charisma Bhutan Tours & Treks","+975 17694162","charismabhutan@gmail.com","http://www.charismabhutan.com","charisma-bhutan-tours-treks","https://services.bhutan.travel/search/tour-operator/charisma-bhutan-tours-treks"
"1431","Chazan Tours and Travel","+975 17983848","nzangpo2@icloud.com","http://Chazantravel.com","chazan-tours-and-travel","https://services.bhutan.travel/search/tour-operator/chazan-tours-and-travel"
"50","Chen-Ray Travel & Tours","+975 17616597","chenraybhutantravel@gmail.com","http://traveltourtobhutan.com","chen-ray-travel-tours","https://services.bhutan.travel/search/tour-operator/chen-ray-travel-tours"
"1368","Chhophel Dream Trips","+975 77141118","chhophel.tours@gmail.com","https://www.chhopheltrips.com","chhophel-dream-trips","https://services.bhutan.travel/search/tour-operator/chhophel-dream-trips"
"821","CHHUNDU TRAVEL AND TOURS","+975 17112547","info@chhundu.com.bt","http://chhundu.com.bt","chhundu-travel-and-tours","https://services.bhutan.travel/search/tour-operator/chhundu-travel-and-tours"
"1083","Chimi Sherab Tours and Trek","+975 17670609","chimidorjitrektour23@gmail.com","http://chimisherabtours.com.bt","chimi-sherab-tours-and-trek","https://services.bhutan.travel/search/tour-operator/chimi-sherab-tours-and-trek"
"1453","Chimorya B. Travels & Tours","+975 17310881","info@cbhutantravels.com","http://www.cbhutantravels.com","chimorya-b-travels-tours","https://services.bhutan.travel/search/tour-operator/chimorya-b-travels-tours"
"647","Choden Tours and Treks","+975 77836844","yeshichoden4@gmail.com","http://Www.chodenbhutan.com","choden-tours-and-treks","https://services.bhutan.travel/search/tour-operator/choden-tours-and-treks"
"848","Choe Nga Leisure Travel","+975 17673911","choengaleisuretravel@gmail.com","http://www.choengaleisuretravel.com.bt","choe-nga-leisure-travel","https://services.bhutan.travel/search/tour-operator/choe-nga-leisure-travel"
"823","Chosen Bhutan Tours and Treks","+975 17642861","chosenbhutan@gmail.com","http://www.chosenbhutan.bt","chosen-bhutan-tours-and-treks","https://services.bhutan.travel/search/tour-operator/chosen-bhutan-tours-and-treks"
"1143","Classical Himalayas","+975 17838517","info@classicalhimalayas.com","http://www.classicalhimalayas.com","classical-himalayas","https://services.bhutan.travel/search/tour-operator/classical-himalayas"
"688","Clear Voyage Tours & Treks","+975 17111399","clearvoyagetours@gmail.com","http://journeytobhutan.com.au","clear-voyage-tours-treks","https://services.bhutan.travel/search/tour-operator/clear-voyage-tours-treks"
"765","Click Bhutan Expedition","+975 17602502","clickbhutanexpedition@gmail.com","http://www.clickbhutanexpedition.com","click-bhutan-expedition","https://services.bhutan.travel/search/tour-operator/click-bhutan-expedition"
"615","Crane Valley Tours and Treks","+975 17655972","cranevalley2015@gmail.com","http://www.bhutancranevalley.com","crane-valley-tours-and-treks","https://services.bhutan.travel/search/tour-operator/crane-valley-tours-and-treks"
"887","CRYSTAL BHUTAN TRAVELS","+975 17141305","crystalbhutantravels@gmail.com","http://www.crystalbhutantravels.com","crystal-bhutan-travels","https://services.bhutan.travel/search/tour-operator/crystal-bhutan-travels"
"975","CUDIS vacations","+975 77978956","zeusbhutan@gmail.com","http://www.cudisvacations.com","cudis-vacations","https://services.bhutan.travel/search/tour-operator/cudis-vacations"
"862","D and R Tours and Treks","+975 77417543","info@drtoursandtreks.com","http://drtoursandtreks.com/","d-and-r-tours-and-treks","https://services.bhutan.travel/search/tour-operator/d-and-r-tours-and-treks"
"549","DAINTY TOURS AND TRAVELS","+975 17897205","daintybhutantravel@gmail.com","http://www.daintybhutan.com.bt","dainty-tours-and-travels","https://services.bhutan.travel/search/tour-operator/dainty-tours-and-travels"
"131","Daj Expeditions","+975 17597453","dajexpeditions@gmail.com","http://www.dajexpeditions.com","daj-expeditions","https://services.bhutan.travel/search/tour-operator/daj-expeditions"
"1207","Dana Bhutan","+975 17477766","res.dana.bhutan@gmail.com","http://danabhutan.com","dana-bhutan","https://services.bhutan.travel/search/tour-operator/dana-bhutan"
"761","Dechen Cultural Tours & Trekking Co.","+975 17111488","dechentours@gmail.com","http://dechentours.com","dechen-cultural-tours-trekking-co","https://services.bhutan.travel/search/tour-operator/dechen-cultural-tours-trekking-co"
"1376","deep journeys","+975 17637779","deepjourneys.bhutan@gmail.com","http://deepjourneysbhutan.com","deep-journeys","https://services.bhutan.travel/search/tour-operator/deep-journeys"
"1292","Depel Travel","+975 77855728","ceo@depel.bt","http://depeltravel.bt","depel-travel","https://services.bhutan.travel/search/tour-operator/depel-travel"
"624","Design for you, Tours and Travels","+975 17616838","laqzialdorji@gmail.com","http://designedforyoubhutan.com","design-for-you-tours-and-travels","https://services.bhutan.travel/search/tour-operator/design-for-you-tours-and-travels"
"1166","Destination Himalayan Tours","+975 17140162","sonam@dht.org.in","https://www.dht.org.in","destination-himalayan-tours","https://services.bhutan.travel/search/tour-operator/destination-himalayan-tours"
"61","Destiny Bhutan","+975 17119996","info@destinybhutan.com","https://www.destinybhutan.com/","destiny-bhutan","https://services.bhutan.travel/search/tour-operator/destiny-bhutan"
"1184","Dewa Rabsel Adventure","+975 17944744","dewarabsel@gmail.com","http://www.dewarabsel.com","dewa-rabsel-adventure","https://services.bhutan.travel/search/tour-operator/dewa-rabsel-adventure"
"1567","Deya Bhutan Tours and Travel","+975 17589024","info@deyabhutantours.com","http://deyabhutantours.com","deya-bhutan-tours-and-travel","https://services.bhutan.travel/search/tour-operator/deya-bhutan-tours-and-travel"
"523","Dhamma Tours","+975 77390576","dhammatours5@gmail.com","http://www.dhammatoursbt.com","dhamma-tours","https://services.bhutan.travel/search/tour-operator/dhamma-tours"
"121","Dharma Adventures","+975 17111573","kinleyt@gmail.com","http://www.dharmaadventures.com/destinations/bhutan","dharma-adventures","https://services.bhutan.travel/search/tour-operator/dharma-adventures"
"554","Dharma park Travels","+975 77602204","dharmaparktravels@gmail.com","http://www.dharmaparktravels.com","dharma-park-travels","https://services.bhutan.travel/search/tour-operator/dharma-park-travels"
"1529","Dhendupling Travel","+975 77754768","dhenduplingtravel@gmail.com","http://www.dhenduplingtravel.com","dhendupling-travel","https://services.bhutan.travel/search/tour-operator/dhendupling-travel"
"442","Dhir gue tashi gha khil tour and travel","+975 17923030","tashitobgay131@gmail.com","http://tashi.webstarts.com","dhir-gue-tashi-gha-khil-tour-and-travel","https://services.bhutan.travel/search/tour-operator/dhir-gue-tashi-gha-khil-tour-and-travel"
"328","Diamond Bhutan Travel","+975 77880055","office@diamondbhutan.com","http://diamondbhutan.com","diamond-bhutan-travel","https://services.bhutan.travel/search/tour-operator/diamond-bhutan-travel"
"424","Discover Happiness","+975 77228415","discoverhappiness06@gmail.com","http://www.discoverhappinesstours.com","discover-happiness","https://services.bhutan.travel/search/tour-operator/discover-happiness"
"878","Discover TBT","+975 17363535","info.transbhutantrail@gmail.com","http://www.transbhutantrail.com","discover-tbt","https://services.bhutan.travel/search/tour-operator/discover-tbt"
"1148","Discovery Bhutan Inc.","+975 17116560","info@discoverbhutan.com","http://www.discoverybhutan.com","discovery-bhutan-inc","https://services.bhutan.travel/search/tour-operator/discovery-bhutan-inc"
"1108","Divine Adventurous Travel","+975 77900912","info.datticketing@gmail.com","http://divineadventurous.com","divine-adventurous-travel","https://services.bhutan.travel/search/tour-operator/divine-adventurous-travel"
"490","DIVINE FLY FISHING","+975 17113511","tightlines@divineflyfishing.com","http://divineflyfishing.com","divine-fly-fishing","https://services.bhutan.travel/search/tour-operator/divine-fly-fishing"
"1612","DND Bhutan","+975 16126622","dndbhutan@gmail.com","http://www.dndbhutan.com","dnd-bhutan","https://services.bhutan.travel/search/tour-operator/dnd-bhutan"
"1204","Doma Travels","+975 17332228","domatravels24@gmail.com","http://domatravels.com/","doma-travels","https://services.bhutan.travel/search/tour-operator/doma-travels"
"542","Door to Happiness Holiday","+975 17910421","doortohappinessholiday@gmail.com","https://www.doortohappinessholidays.com","door-to-happiness-holiday","https://services.bhutan.travel/search/tour-operator/door-to-happiness-holiday"
"1363","Dragon Trekkers & Tours","+975 17111822","reservationdragon@gmail.com","http://www.dragontrekkers.com","dragon-trekkers-tours","https://services.bhutan.travel/search/tour-operator/dragon-trekkers-tours"
"1154","Dragonways","+975 17522781","dragonwaysbhutan@gmail.com","http://www.dragonways.bt","dragonways","https://services.bhutan.travel/search/tour-operator/dragonways"
"1663","Dralwa Journeys","+975 77187788","dralwajourneys@gmail.com","http://dralwajourneys.com/","dralwa-journeys","https://services.bhutan.travel/search/tour-operator/dralwa-journeys"
"1372","Dream trail Adventure","+975 77656116","dreamtrailadventure@gmail.com","http://dreamtrailadventure.com","dream-trail-adventure","https://services.bhutan.travel/search/tour-operator/dream-trail-adventure"
"1673","Dream Travel Organizer","+975 17822872","dreamtravelorg@gmail.com","http://www.bhutantravelorganiser.com","dream-travel-organizer","https://services.bhutan.travel/search/tour-operator/dream-travel-organizer"
"905","Droelma Tours and Travels","+975 17684815","chhimisyelden@gmail.com","http://droelmatravels.com","droelma-tours-and-travels","https://services.bhutan.travel/search/tour-operator/droelma-tours-and-travels"
"1252","Droensar Tours and Trek","+975 17411010","droensar@gmail.com","http://www.droensar.com","droensar-tours-and-trek","https://services.bhutan.travel/search/tour-operator/droensar-tours-and-trek"
"1228","Drugom Tours & Treks","+975 17835546","drugomtoursandtreks@gmail.com","http://www.drugom.travel","drugom-tours-treks","https://services.bhutan.travel/search/tour-operator/drugom-tours-treks"
"964","Druk & Drukpa Tours","+975 17811251","drukdrukpatours@gmail.com","http://www.bhutantravel.online","druk-drukpa-tours","https://services.bhutan.travel/search/tour-operator/druk-drukpa-tours"
"1082","Druk bayuel Tours","+975 77111298","info@greenbhutantours.com","http://www.greenbhutantours.com","druk-bayuel-tours","https://services.bhutan.travel/search/tour-operator/druk-bayuel-tours"
"1664","Druk Chhoethuen Adventure","+975 77691467","drukchhoethuen@gmail.com","http://www.drukbhutantravel.com","druk-chhoethuen-adventure","https://services.bhutan.travel/search/tour-operator/druk-chhoethuen-adventure"
"1036","Druk Executive Travel","+975 17600169","drukexecutive@gmail.com","http://www.drukexecutivetravels.com","druk-executive-travel","https://services.bhutan.travel/search/tour-operator/druk-executive-travel"
"291","Druk Forever Son Tours & Treks","+975 17635633","nbidha2022@gmail.com","http://www.bhutandrukforever.com/","druk-forever-son-tours-treks","https://services.bhutan.travel/search/tour-operator/druk-forever-son-tours-treks"
"912","Druk Heritage Tours & Experiences","+975 17140163","info@drukheritage.com","http://www.drukheritage.com","druk-heritage-tours-experiences","https://services.bhutan.travel/search/tour-operator/druk-heritage-tours-experiences"
"501","Druk Jorpel Adventures","+975 17746783","callbhutan@gmail.com","http://www.jorpeladventures.com","druk-jorpel-adventures","https://services.bhutan.travel/search/tour-operator/druk-jorpel-adventures"
"1464","Druk Peaceful Holidays-Bhutan","+975 77452950","info@happybhutan.com","http://www.happybhutan.com","druk-peaceful-holidays-bhutan","https://services.bhutan.travel/search/tour-operator/druk-peaceful-holidays-bhutan"
"929","Druk Rewa Adventures","+975 17760015","drukrewa@gmail.com","http://www.drukrewa.bt","druk-rewa-adventures","https://services.bhutan.travel/search/tour-operator/druk-rewa-adventures"
"1205","Druk Rinchen Bumpa Tours and trek","+975 17600505","rinbum2024@gmail.com","http://www.drbttours.com","druk-rinchen-bumpa-tours-and-trek","https://services.bhutan.travel/search/tour-operator/druk-rinchen-bumpa-tours-and-trek"
"897","Druk Siddhi Tours","+975 17705555","druksiddhitours@gmail.com","http://druksiddhitours.com","druk-siddhi-tours","https://services.bhutan.travel/search/tour-operator/druk-siddhi-tours"
"764","Druk Smile Tours","+975 17948587","druksmiletours@gmail.com","http://www.druksmiletours.com","druk-smile-tours","https://services.bhutan.travel/search/tour-operator/druk-smile-tours"
"637","Druk Travel Sevice Private Limited","+975 17111222","info@druktravelservice.com","http://www.druktravelservice.com","druk-travel-sevice-private-limited","https://services.bhutan.travel/search/tour-operator/druk-travel-sevice-private-limited"
"946","Drukair Holidays","+975 17123169","holidays@drukair.com.bt","http://www.drukair.com.bt","drukair-holidays","https://services.bhutan.travel/search/tour-operator/drukair-holidays"
"750","Drukins Tours And Treks","+975 17900585","drukinstoursandtreks@gmail.com","http://drukinsbhutan.com","drukins-tours-and-treks","https://services.bhutan.travel/search/tour-operator/drukins-tours-and-treks"
"1123","Drukyul Diaries","+975 77953610","info@drukyuldiaries.com","http://www.drukyuldiaries.com","drukyul-diaries","https://services.bhutan.travel/search/tour-operator/drukyul-diaries"
"347","Drukyul Holidays","+975 17909870","drukyulholidays@gmail.com","http://www.drukyulholidays.com","drukyul-holidays","https://services.bhutan.travel/search/tour-operator/drukyul-holidays"
"1352","DTH Travel Bhutan","+975 77487513","info@bt.dth.travel","http://dth.travel","dth-travel-bhutan","https://services.bhutan.travel/search/tour-operator/dth-travel-bhutan"
"70","Dzamling Gawa Tours and Travel","+975 16158307","dzimlinggawa@gmail.com","http://dzamlinggawatours.com","dzamling-gawa-tours-and-travel","https://services.bhutan.travel/search/tour-operator/dzamling-gawa-tours-and-travel"
"1117","East West Safari","+975 17163623","eastwestsafari@gmail.com","http://www.eastwestsafaris.com","east-west-safari","https://services.bhutan.travel/search/tour-operator/east-west-safari"
"1430","East Yang Yoe Tours and Travel","+975 17722921","yangyoetoursandtravels@gmail.com","http://www.eastyangyoe.bt/","east-yang-yoe-tours-and-travel","https://services.bhutan.travel/search/tour-operator/east-yang-yoe-tours-and-travel"
"1114","Echoes Tours & Travels","+975 17725689","sumimangpang@gmail.com","http://www.echoes.bt","echoes-tours-travels","https://services.bhutan.travel/search/tour-operator/echoes-tours-travels"
"1428","Elevate Tours & Treks","+975 17812341","enduplepcha2020@gmail.com","http://elevatetourstreks.com","elevate-tours-treks","https://services.bhutan.travel/search/tour-operator/elevate-tours-treks"
"1290","Elite Himalayan Adventure","+975 77454534","eliteadventure888@gmail.com","http://www.elitehimalayanadventure.com","elite-himalayan-adventure","https://services.bhutan.travel/search/tour-operator/elite-himalayan-adventure"
"1103","Ema Datshi Tours","+975 17655152","emadatshitours@gmail.com","http://www.emadatshitours.com","ema-datshi-tours","https://services.bhutan.travel/search/tour-operator/ema-datshi-tours"
"506","Embrace Bhutan Travel","+975 17603735","embracebhutan@gmail.com","https://www.embracebhutantravel.com","embrace-bhutan-travel","https://services.bhutan.travel/search/tour-operator/embrace-bhutan-travel"
"433","Enrich Expeditions","+975 17764522","enrichexpeditions@gmail.com","http://enrichexpeditions.com/","enrich-expeditions","https://services.bhutan.travel/search/tour-operator/enrich-expeditions"
"667","ER Tours and Treks","+975 17842089","ertoursandtreks@gmail.com","http://www.ertoursandtreks.com","er-tours-and-treks","https://services.bhutan.travel/search/tour-operator/er-tours-and-treks"
"1305","Etho Metho Tours & Treks","+975 17126006","karma@ethometho.com.bt","http://www.bhutanethometho.com/","etho-metho-tours-treks","https://services.bhutan.travel/search/tour-operator/etho-metho-tours-treks"
"1129","eventexpeditiontravel","+975 17310139","eventexpeditionaltravel@gmail.com","http://www.eventexpeditiontravel.com","eventexpeditiontravel","https://services.bhutan.travel/search/tour-operator/eventexpeditiontravel"
"52","Evergreen Sojourn","+975 77310720","evergreensojourn@gmail.com","http://www.evergreensojourn.com","evergreen-sojourn","https://services.bhutan.travel/search/tour-operator/evergreen-sojourn"
"783","Excellent Guides to Himalaya","+975 17563795","ugyenmaxci@gmail.com","http://www.guidesofbhutan.com","excellent-guides-to-himalaya","https://services.bhutan.travel/search/tour-operator/excellent-guides-to-himalaya"
"313","Excursion To Himalayas","+975 17140505","excursiontohimalayas@gmail.com","https://tourbhutan.travel","excursion-to-himalayas","https://services.bhutan.travel/search/tour-operator/excursion-to-himalayas"
"921","Exotic Destinations","+975 17600332","exoticdestination98@gmail.com","http://www.exoticbhutan.com","exotic-destinations","https://services.bhutan.travel/search/tour-operator/exotic-destinations"
"1477","Exotic vacations Bhutan","+975 17685791","exoticvacationsbhutan@gmail.com","http://TriptoBhutan.travel","exotic-vacations-bhutan","https://services.bhutan.travel/search/tour-operator/exotic-vacations-bhutan"
"290","Experience Bhutan Travel","+975 17619485","visitbhutan23@gmail.com","http://www.experiencebhutan.com.bt","experience-bhutan-travel","https://services.bhutan.travel/search/tour-operator/experience-bhutan-travel"
"1033","Exquisite Bhutan","+975 17573097","info@exquisitebhutan.com","http://exquisitebhutan.com","exquisite-bhutan","https://services.bhutan.travel/search/tour-operator/exquisite-bhutan"
"782","Eye mudra tours","+975 17624373","eyemudra@gmail.com","http://www.eyemudratours.com","eye-mudra-tours","https://services.bhutan.travel/search/tour-operator/eye-mudra-tours"
"120","Family Trip Travels","+975 17631305","info@familytriptravels.com","http://familytriptravels.com","family-trip-travels","https://services.bhutan.travel/search/tour-operator/family-trip-travels"
"1457","Felicity Bhutan Adventures","+975 17462836","felicitybhutan@gmail.com","http://www.felicitybhutan.com","felicity-bhutan-adventures","https://services.bhutan.travel/search/tour-operator/felicity-bhutan-adventures"
"48","Firefox Tours","+975 77805038","info@firefoxtours.com","https://www.firefoxtours.com","firefox-tours","https://services.bhutan.travel/search/tour-operator/firefox-tours"
"733","Flying Beat Tours and Travels","+975 17530798","flyingbeatbhutan@gmail.com","http://www.flyingbeat.com","flying-beat-tours-and-travels","https://services.bhutan.travel/search/tour-operator/flying-beat-tours-and-travels"
"68","Flying Fox Tours & Travels","+975 77627095","flyingfoxbhutan@gmail.com","http://www.flyingfoxbhutan.com","flying-fox-tours-travels","https://services.bhutan.travel/search/tour-operator/flying-fox-tours-travels"
"1355","Follow Bhutan Tours and Treks","+975 77442211","followbhutan@gmail.com","http://www.followbhutan.com/","follow-bhutan-tours-and-treks","https://services.bhutan.travel/search/tour-operator/follow-bhutan-tours-and-treks"
"26","Found Bhutan Tours and Treks","+975 77927304","foundbhutan@gmail.com","http://foundbht.com/","found-bhutan-tours-and-treks","https://services.bhutan.travel/search/tour-operator/found-bhutan-tours-and-treks"
"849","gakiling Tours And Travels","+975 17885946","gakilingtoursandtravels@gmail.com","http://www.bhutangakilingtours.com","gakiling-tours-and-travels","https://services.bhutan.travel/search/tour-operator/gakiling-tours-and-travels"
"814","gangri tours and travels private limited","+975 17110026","gangritt@gmail.com","http://gangritour.com/","gangri-tours-and-travels-private-limited","https://services.bhutan.travel/search/tour-operator/gangri-tours-and-travels-private-limited"
"1670","Gangseng Tours and Travels","+975 77971022","gangsengtoursandtravels@gmail.com","http://www.gangsengtoursandtravels.com","gangseng-tours-and-travels","https://services.bhutan.travel/search/tour-operator/gangseng-tours-and-travels"
"59","Gangtey Palace Expeditions","+975 17111462","chukie.om@gangteypalace.com","http://gangteypalace.com","gangtey-palace-expeditions","https://services.bhutan.travel/search/tour-operator/gangtey-palace-expeditions"
"962","Gateway to Exotic Himalayas","+975 17627178","officegteh@gmail.com","http://www.gwteh.com","gateway-to-exotic-himalayas","https://services.bhutan.travel/search/tour-operator/gateway-to-exotic-himalayas"
"111","Gawaling Tours and Treks","+975 17646377","gawaling@gmail.com","http://www.gawaling.com","gawaling-tours-and-treks","https://services.bhutan.travel/search/tour-operator/gawaling-tours-and-treks"
"1375","Gay Yul Travel Agent","+975 17908965","gayyultravels@gmail.com","http://gayyultravels.com","gay-yul-travel-agent","https://services.bhutan.travel/search/tour-operator/gay-yul-travel-agent"
"1133","GAYA INSPIRATIONAL TOURS","+975 17601779","mani@gaya-bhutan.com","http://www.gaya-bhutan.com","gaya-inspirational-tours","https://services.bhutan.travel/search/tour-operator/gaya-inspirational-tours"
"930","Gayuel Destination","+975 77882290","gayueldestination@gmail.com","http://www.gayueldestination.com","gayuel-destination","https://services.bhutan.travel/search/tour-operator/gayuel-destination"
"511","Gems Bhutan Travels","+975 77888899","gem@gemsbhutantravels.com","http://www.gemsbhutantravels.com","gems-bhutan-travels","https://services.bhutan.travel/search/tour-operator/gems-bhutan-travels"
"1060","Geo Bhutan Travels","+975 17143354","geobhutantravels@gmail.com","http://geobhutantravels.com","geo-bhutan-travels","https://services.bhutan.travel/search/tour-operator/geo-bhutan-travels"
"1640","Gerab Tours and Treks","+975 16104550","hello@gerabtoursandtreks.bt","http://www.gerabtoursandtreks.bt","gerab-tours-and-treks","https://services.bhutan.travel/search/tour-operator/gerab-tours-and-treks"
"53","GET INTO BHUTAN TOURS","+975 17708791","getintobhutan@gmail.com","http://www.getintobhutan.com","get-into-bhutan-tours","https://services.bhutan.travel/search/tour-operator/get-into-bhutan-tours"
"1214","Glimpses of Bhutan","+975 17111939","gotobhutan@gmail.com","http://glimpsesbhutan.com","glimpses-of-bhutan","https://services.bhutan.travel/search/tour-operator/glimpses-of-bhutan"
"937","Global Safari Tours and Trek","+975 17882788","toursandtrekglobalsafari@gmail.com","http://globalsafaritoursandtrek.bt","global-safari-tours-and-trek","https://services.bhutan.travel/search/tour-operator/global-safari-tours-and-trek"
"536","Global Touch Expedition","+975 17944134","info@touchbhutan.com","http://www.touchbhutan.com","global-touch-expedition","https://services.bhutan.travel/search/tour-operator/global-touch-expedition"
"1263","Global TravelPro","+975 77440205","info@globaltravelpro.co","http://www.globaltravelpro.co","global-travelpro","https://services.bhutan.travel/search/tour-operator/global-travelpro"
"1471","Go Go Adventures","+975 17484302","tours.bhutan17@gmail.com","http://gogoadventuresbhutan.com","go-go-adventures","https://services.bhutan.travel/search/tour-operator/go-go-adventures"
"1006","GoHike Adventures","+975 17349040","gohikeadventures@gmail.com","http://www.gohikeadventures.com","gohike-adventures","https://services.bhutan.travel/search/tour-operator/gohike-adventures"
"1160","Gokphela Tours and Travel","+975 17563156","gokphela@gmail.com","http://www.gokphela.com","gokphela-tours-and-travel","https://services.bhutan.travel/search/tour-operator/gokphela-tours-and-travel"
"1546","Golden Dragon Travel","+975 77111727","gdtbhutan@gmail.com","http://www.gdtbhutan.com","golden-dragon-travel","https://services.bhutan.travel/search/tour-operator/golden-dragon-travel"
"863","Golden fish tours & travel","+975 17163113","travelinfo@goldnfishadventures.com","http://www.goldenfishadventures.com","golden-fish-tours-travel","https://services.bhutan.travel/search/tour-operator/golden-fish-tours-travel"
"1272","Golden Gate Tour and Treks","+975 17188101","goldengate.bhutan@gmail.com","http://bhutangoldengate.com/","golden-gate-tour-and-treks","https://services.bhutan.travel/search/tour-operator/golden-gate-tour-and-treks"
"1183","Golden Kingdom Tours and Treks","+975 77380681","goldenkingdomtours@gmail.com","http://www.goldenkingdomtoursandtreks.com","golden-kingdom-tours-and-treks","https://services.bhutan.travel/search/tour-operator/golden-kingdom-tours-and-treks"
"1172","Goma Travel","+975 17853430","gomatravel89@gmail.com","http://www.gomatravel.com","goma-travel","https://services.bhutan.travel/search/tour-operator/goma-travel"
"1075","Gomo Adventures","+975 17111783","info@gomoadventures.com","http://www.gomoadventures.com","gomo-adventures","https://services.bhutan.travel/search/tour-operator/gomo-adventures"
"918","Good Care Tours","+975 17491602","bhutangoodcare@gmail.com","http://www.bhutangoodcare.com","good-care-tours","https://services.bhutan.travel/search/tour-operator/good-care-tours"
"428","Good Morning Bhutan Traveller","+975 17777688","goodmorningbt@gmail.com","http://goodmorningbhutan.com","good-morning-bhutan-traveller","https://services.bhutan.travel/search/tour-operator/good-morning-bhutan-traveller"
"625","GOXIMBO","+975 17611821","kinley@goximbo.com","https://www.goximbo.com","goximbo","https://services.bhutan.travel/search/tour-operator/goximbo"
"537","Graceful Bhutan Travel","+975 17496914","gracefulbhutantravel@gmail.com","http://www.gracefulbhutantravel.com","graceful-bhutan-travel","https://services.bhutan.travel/search/tour-operator/graceful-bhutan-travel"
"1102","Green Escape Travel","+975 17382137","greenescapetravel@gmail.com","http://bhutanget.bt","green-escape-travel","https://services.bhutan.travel/search/tour-operator/green-escape-travel"
"521","Green Heart Tours and Travel","+975 17761625","greenheartbhutan@gmail.com","http://www.greenheartbhutan.com","green-heart-tours-and-travel","https://services.bhutan.travel/search/tour-operator/green-heart-tours-and-travel"
"556","Green Zone Destination","+975 17264398","greenzdestination@gmail.com","http://www.greenzonedestination.com","green-zone-destination","https://services.bhutan.travel/search/tour-operator/green-zone-destination"
"953","Greentherapy Tours","+975 17607913","greentherapytours@gmail.com","http://www.greentherapytours.com","greentherapy-tours","https://services.bhutan.travel/search/tour-operator/greentherapy-tours"
"532","Guru Siddhi Tours & Treks","+975 17581675","gurusiddhitours@yahoo.com","http://gurusiddhitravels.com","guru-siddhi-tours-treks","https://services.bhutan.travel/search/tour-operator/guru-siddhi-tours-treks"
"1071","Gyuma Tours and Travel","+975 17815980","info@gyumatoursandtravel.com","http://gyumatoursandtravel.com","gyuma-tours-and-travel","https://services.bhutan.travel/search/tour-operator/gyuma-tours-and-travel"
"1112","H&QBhutan","+975 77607710","hnqbhutan@gmail.com","http://hnqbhutan.com","hqbhutan","https://services.bhutan.travel/search/tour-operator/hqbhutan"
"855","Halcyon Adventure","+975 17966251","ajoygurung7@gmail.com","http://bhutanflight.com","halcyon-adventure","https://services.bhutan.travel/search/tour-operator/halcyon-adventure"
"1441","Hans Travels","+975 17926613","hanstravelbt@gmail.com","http://hanstravelbhutan.com/","hans-travels","https://services.bhutan.travel/search/tour-operator/hans-travels"
"1086","Happiest Country Tours","+975 77463636","info@happiestcountrytours.com","http://happiestcountrytours.com","happiest-country-tours","https://services.bhutan.travel/search/tour-operator/happiest-country-tours"
"1645","Happiness Country Holiday","+975 77286587","info@happinesscountryholiday.com","http://happinesscountryholiday.com/","happiness-country-holiday","https://services.bhutan.travel/search/tour-operator/happiness-country-holiday"
"1444","Happiness Horizon Travel","+975 16108570","info@happinesstravel.bt","http://www.happinesstravel.bt","happiness-horizon-travel","https://services.bhutan.travel/search/tour-operator/happiness-horizon-travel"
"333","Happiness Inside Journey","+975 77952826","happinessinsidejourney@gmail.com","http://happinessinsidejourney.com","happiness-inside-journey","https://services.bhutan.travel/search/tour-operator/happiness-inside-journey"
"451","Happiness Journey Bhutan","+975 77621538","happinessjourneybht@gmail.com","http://www.tourbhutantourism.com","happiness-journey-bhutan","https://services.bhutan.travel/search/tour-operator/happiness-journey-bhutan"
"457","Happiness Kingdom Travels","+975 77111400","info@happinesskingdom.com","http://Bhutanhappiness.com","happiness-kingdom-travels","https://services.bhutan.travel/search/tour-operator/happiness-kingdom-travels"
"1498","Happy Dream Adventure","+975 17590556","happydreambhutan@gmail.com","http://www.happydreamadventure.com","happy-dream-adventure","https://services.bhutan.travel/search/tour-operator/happy-dream-adventure"
"1076","Happy Getaway tours & travel","+975 77857954","bhutanhappygetaway@gmail.com","http://www.happygetawaytravel.com","happy-getaway-tours-travel","https://services.bhutan.travel/search/tour-operator/happy-getaway-tours-travel"
"1020","Happy Holidays","+975 17129889","happyholidaysed@gmail.com","http://bhutanhappy.com/","happy-holidays","https://services.bhutan.travel/search/tour-operator/happy-holidays"
"1505","Happy land Travel","+975 16131109","bhutanhappylandtravel@gmail.com","http://bhutanhappylandtravel.com","happy-land-travel","https://services.bhutan.travel/search/tour-operator/happy-land-travel"
"1321","happy peak tours","+975 17841519","info@happypeaktours.com","https://happypeaktours.com","happy-peak-tours","https://services.bhutan.travel/search/tour-operator/happy-peak-tours"
"1264","Happy Place Expedition","+975 17959897","happyplacebhutan@gmail.com","http://happyplaceexpedition.com/","happy-place-expedition","https://services.bhutan.travel/search/tour-operator/happy-place-expedition"
"1649","Happy Trips","+975 77884141","happytrips.bhutan@gmail.com","http://happytripsbhutan.com/","happy-trips","https://services.bhutan.travel/search/tour-operator/happy-trips"
"448","Heavenly Bhutan Travels","+975 17617107","info@heavenlybhutan.com","http://heavenlybhutan.com","heavenly-bhutan-travels","https://services.bhutan.travel/search/tour-operator/heavenly-bhutan-travels"
"830","HHH Tours and Treks","+975 17110517","ugyentrippleh@gmail.com","http://hhhtoursandtreks.com","hhh-tours-and-treks","https://services.bhutan.travel/search/tour-operator/hhh-tours-and-treks"
"942","Hidden Himalayas","+975 77489322","hiddenhimalayastravels@gmail.com","http://www.bhutantraveller.com/","hidden-himalayas","https://services.bhutan.travel/search/tour-operator/hidden-himalayas"
"1566","Hidden Lotus","+975 17564749","sales@hiddenlotus888.com","http://www.hiddenlotus888.com","hidden-lotus","https://services.bhutan.travel/search/tour-operator/hidden-lotus"
"553","High Hills Travelers","+975 17665558","highillstravelers@gmail.com","http://www.highills.bt","high-hills-travelers","https://services.bhutan.travel/search/tour-operator/high-hills-travelers"
"770","Hiking Bhutan Travel","+975 17474224","hikingbhutantravels@gmail.com","http://www.hikingbhutantoursandtreks.com","hiking-bhutan-travel","https://services.bhutan.travel/search/tour-operator/hiking-bhutan-travel"
"753","Himalaya Juu Vacations","+975 17956008","himalayajuuvacations@gmail.com","http://www.himalayajuuvacations.com","himalaya-juu-vacations","https://services.bhutan.travel/search/tour-operator/himalaya-juu-vacations"
"1509","Himalaya Pathway","+975 17672570","lotaay@gmail.com","http://himalayapathway.com/webmail","himalaya-pathway","https://services.bhutan.travel/search/tour-operator/himalaya-pathway"
"1401","Himalayan Blessings Tour","+975 77775797","karma@himalayanblessingstour.com","http://www.himalayanblessingstour.com","himalayan-blessings-tour","https://services.bhutan.travel/search/tour-operator/himalayan-blessings-tour"
"1347","Himalayan Echoes","+975 17111716","hello@himalayanechoes.travel","http://himalayanechoes.travel","himalayan-echoes","https://services.bhutan.travel/search/tour-operator/himalayan-echoes"
"827","Himalayan Expedition","+975 17118779","info@getbhutantour.com","http://getbhutantour.com","himalayan-expedition","https://services.bhutan.travel/search/tour-operator/himalayan-expedition"
"27","Himalayan Flyfishing Adventure","+975 17777701","info@himalayanflyfishing.com","http://www.himalayanflyfishing.com","himalayan-flyfishing-adventure","https://services.bhutan.travel/search/tour-operator/himalayan-flyfishing-adventure"
"453","Himalayan foothills travels","+975 17257180","bhutanfoothills@gmail.com","http://bhutanfoothills.com","himalayan-foothills-travels","https://services.bhutan.travel/search/tour-operator/himalayan-foothills-travels"
"1201","Himalayan gateway travel","+975 17441350","himalayangatewaytravel@gmail.com","http://Himalayangatewaytravel.com","himalayan-gateway-travel","https://services.bhutan.travel/search/tour-operator/himalayan-gateway-travel"
"1589","Himalayan Harmony Travel","+975 17415965","himalayanharmonytravel@gmail.com","http://himalayanharmonytravel.com","himalayan-harmony-travel","https://services.bhutan.travel/search/tour-operator/himalayan-harmony-travel"
"1159","Himalayan Hoppers Tours & Treks","+975 77453874","himalayanhoppers975@gmail.com","http://hophimalayas.com","himalayan-hoppers-tours-treks","https://services.bhutan.travel/search/tour-operator/himalayan-hoppers-tours-treks"
"711","Himalayan Horizon Travels","+975 17704352","kunzang.namgye@gmail.com","http://www.itravelbhutan.com","himalayan-horizon-travels","https://services.bhutan.travel/search/tour-operator/himalayan-horizon-travels"
"492","Himalayan Kingdom Expedition","+975 77310943","vishalpradhan@gmail.com","http://bhutanholiday.com","himalayan-kingdom-expedition","https://services.bhutan.travel/search/tour-operator/himalayan-kingdom-expedition"
"586","Himalayan Marvels","+975 77270465","info@himalayanmarvels.com","https://himalayanmarvels.com/","himalayan-marvels","https://services.bhutan.travel/search/tour-operator/himalayan-marvels"
"1097","Himalayan Mindfulness Adventures","+975 17126600","himalayanmindfulness@gmail.com","http://www.mindfulnesstours.com","himalayan-mindfulness-adventures","https://services.bhutan.travel/search/tour-operator/himalayan-mindfulness-adventures"
"1230","Himalayan Mystique Adventures & Holidays","+975 77933676","himalayanmystique.travel@gmail.com","http://himalayanmystique.com","himalayan-mystique-adventures-holidays","https://services.bhutan.travel/search/tour-operator/himalayan-mystique-adventures-holidays"
"1336","Himalayan Quest Expedition Tours and Travel","+975 17330725","himalayanquestexpedition@gmail.com","http://himalayanquestexpeditions.com","himalayan-quest-expedition-tours-and-travel","https://services.bhutan.travel/search/tour-operator/himalayan-quest-expedition-tours-and-travel"
"63","Himalayan Realm Ventures","+975 77279927","enquiry@himalayanrealmventures.com","http://himalayanrealmventures.com","himalayan-realm-ventures","https://services.bhutan.travel/search/tour-operator/himalayan-realm-ventures"
"1425","Himalayan Soul Travels","+975 16666677","contact@himalayansoultravels.com","http://himalayansoultravels.com/","himalayan-soul-travels","https://services.bhutan.travel/search/tour-operator/himalayan-soul-travels"
"1470","Himalayan Unique Travels","+975 17723819","info@bhutanholidayadventure.com","http://bhutanholidayadventure.com/","himalayan-unique-travels","https://services.bhutan.travel/search/tour-operator/himalayan-unique-travels"
"1377","Himalayan Unplugged Tours and Travels","+975 17527280","kafclone@gmail.com","http://www.himalayanunplugged.com","himalayan-unplugged-tours-and-travels","https://services.bhutan.travel/search/tour-operator/himalayan-unplugged-tours-and-travels"
"1168","HimaQuest Tours","+975 17172022","himaquesttours@gmail.com","http://himaquesttours.com","himaquest-tours","https://services.bhutan.travel/search/tour-operator/himaquest-tours"
"1045","Holiday in Bhutan","+975 17602336","holidayinbhutan@gmail.com","http://www.holidayinbhutan.com","holiday-in-bhutan","https://services.bhutan.travel/search/tour-operator/holiday-in-bhutan"
"584","Holidays Bhutan","+975 17607080","sangay@holidays.bt","http://www.holidays.bt","holidays-bhutan","https://services.bhutan.travel/search/tour-operator/holidays-bhutan"
"1494","Humkara Tours and Treks","+975 17564352","humkaratnt@gmail.com","http://humkaratourandtreks.com","humkara-tours-and-treks","https://services.bhutan.travel/search/tour-operator/humkara-tours-and-treks"
"508","Ideal Travel Creations","+975 17124946","idealtravelcreations@gmail.com","http://www.idealtravelcreations.bt","ideal-travel-creations","https://services.bhutan.travel/search/tour-operator/ideal-travel-creations"
"1218","iDesire Explorations","+975 17408888","explorations@idesire.page","http://idesire.bt/explorations","idesire-explorations","https://services.bhutan.travel/search/tour-operator/idesire-explorations"
"348","Illuminating Tours","+975 17112426","illuminatingtours@gmail.com","http://www.illuminatingtoursbhutan.com","illuminating-tours","https://services.bhutan.travel/search/tour-operator/illuminating-tours"
"486","Imperial Lotus Tours","+975 17111310","bhutanimperiallotustours@gmail.com","http://www.bhutantourismagency.com","imperial-lotus-tours","https://services.bhutan.travel/search/tour-operator/imperial-lotus-tours"
"856","Indostan Viajes Tours","+975 17649935","indoviajestours@gmail.com","http://www.bhutanride.com","indostan-viajes-tours","https://services.bhutan.travel/search/tour-operator/indostan-viajes-tours"
"103","Ing Travel Company","+975 17110321","info@ingtravelco.com","http://www.ingtravelco.com","ing-travel-company","https://services.bhutan.travel/search/tour-operator/ing-travel-company"
"1044","Inner Asia Expeditions","+975 17116959","sherab@innerasiaexpeditions.com","http://www.innerasiaexpeditions.com","inner-asia-expeditions","https://services.bhutan.travel/search/tour-operator/inner-asia-expeditions"
"1528","Inscape Journey","+975 77466675","info@inscapebhutan.com","http://www.inscapebhutan.com","inscape-journey","https://services.bhutan.travel/search/tour-operator/inscape-journey"
"1610","INSIDESHANGRILA","+975 17332946","dechentshering8@gmail.com","http://www.insideshangri-la.com","insideshangrila","https://services.bhutan.travel/search/tour-operator/insideshangrila"
"1465","Inspire global tours and travels","+975 17349058","inspirebhutan123@gmail.com","http://www.inspirebhutantours.com","inspire-global-tours-and-travels","https://services.bhutan.travel/search/tour-operator/inspire-global-tours-and-travels"
"1119","International Treks & Tours ( P) Ltd","+975 77108152","intrekparo1@gmail.com","http://www.bhutanintrek.com/","international-treks-tours-p-ltd","https://services.bhutan.travel/search/tour-operator/international-treks-tours-p-ltd"
"1419","Inventure Travels","+975 77361311","inventuretravel@gmail.com","http://inventuretravel.com","inventure-travels","https://services.bhutan.travel/search/tour-operator/inventure-travels"
"705","ITCHY FEET BHUTAN","+975 17538898","itchyfeetbhutan@gmail.com","http://www.itchyfeetbhutan.com","itchy-feet-bhutan","https://services.bhutan.travel/search/tour-operator/itchy-feet-bhutan"
"1371","jambayang travel service","+975 77101777","jambayangtours@gmail.com","http://www.jambayangtravel.com","jambayang-travel-service","https://services.bhutan.travel/search/tour-operator/jambayang-travel-service"
"1200","jampeling tours and trek","+975 17660871","jamwanglodey@gmail.com","http://www.jampelingtours.com","jampeling-tours-and-trek","https://services.bhutan.travel/search/tour-operator/jampeling-tours-and-trek"
"808","Jeroma Tours & Travels","+975 17521512","karmajeroma@gmail.com","http://www.jeroma-tours.com","jeroma-tours-travels","https://services.bhutan.travel/search/tour-operator/jeroma-tours-travels"
"1180","Jetsuniae Tour and Travels","+975 77966668","jetsuniaetravels@gmail.com","http://www.jetsuniaetravels.com","jetsuniae-tour-and-travels","https://services.bhutan.travel/search/tour-operator/jetsuniae-tour-and-travels"
"593","Jewels of The Dragon Tours & Adventure","+975 17998585","tsire778585@gmail.com","http://www.jewelsdragon.com","jewels-of-the-dragon-tours-adventure","https://services.bhutan.travel/search/tour-operator/jewels-of-the-dragon-tours-adventure"
"74","Jigme Expeditions","+975 17110900","info@jigmeexpeditions.com","http://www.jigmeexpeditions.com","jigme-expeditions","https://services.bhutan.travel/search/tour-operator/jigme-expeditions"
"630","Jigzen Tours and Travels","+975 17111281","jigzenbhutan@gmail.com","http://jigzenbhutan.com","jigzen-tours-and-travels","https://services.bhutan.travel/search/tour-operator/jigzen-tours-and-travels"
"790","Journey DMC Bhutan","+975 17794945","gaj@journeydmc.com","https://www.JourneyDMC.com","journey-dmc-bhutan","https://services.bhutan.travel/search/tour-operator/journey-dmc-bhutan"
"89","Journey To Discover Bhutan","+975 17110849","travelbhutan@hotmail.com","http://www.bhutantouragent.com","journey-to-discover-bhutan","https://services.bhutan.travel/search/tour-operator/journey-to-discover-bhutan"
"107","Journey to Find You Tours and Travel","+975 77461320","ajourneytofindyou@gmail.com","http://journeytofindyou.com","journey-to-find-you-tours-and-travel","https://services.bhutan.travel/search/tour-operator/journey-to-find-you-tours-and-travel"
"1152","Journey to Mindfulness City Adventure","+975 77717126","mindfulnessadventure25@gmail.com","http://www.dbhutantravels.com","journey-to-mindfulness-city-adventure","https://services.bhutan.travel/search/tour-operator/journey-to-mindfulness-city-adventure"
"591","Journey to the South","+975 17601804","info@journeytts.com","http://journeytts.com","journey-to-the-south","https://services.bhutan.travel/search/tour-operator/journey-to-the-south"
"134","Journey2shangrila","+975 17775271","journeytoshangrila@gmail.com","http://www.journey2shangrila.com","journey2shangrila","https://services.bhutan.travel/search/tour-operator/journey2shangrila"
"518","Joyful Journeys","+975 17608252","info@bhutanjoyfuljourneys.com","http://bhutanjoyfuljourneys.com","joyful-journeys","https://services.bhutan.travel/search/tour-operator/joyful-journeys"
"1364","Joyful Tours and Travels","+975 17745722","tsheringrinzin528@gmail.com","http://joyfultoursandtravels.com/wp-admin","joyful-tours-and-travels","https://services.bhutan.travel/search/tour-operator/joyful-tours-and-travels"
"967","Kanying Networking Tours And Travels","+975 17407293","kanying1020@gmail.com","http://www.kanyingtours.com","kanying-networking-tours-and-travels","https://services.bhutan.travel/search/tour-operator/kanying-networking-tours-and-travels"
"1366","Kara journeys","+975 17115656","kaajourneys@gmail.com","http://www.karajourneys1.com","kara-journeys","https://services.bhutan.travel/search/tour-operator/kara-journeys"
"1211","Karma Tours","+975 17613830","karmadjordan@gmail.com","http://www.bhutankarmatours.com","karma-tours","https://services.bhutan.travel/search/tour-operator/karma-tours"
"1472","Karma Tours Travel","+975 17271329","karmatourstravel@gmail.com","http://www.karmatourstravel.com","karma-tours-travel","https://services.bhutan.travel/search/tour-operator/karma-tours-travel"
"414","Karmay Tours","+975 17113689","info@karmaytours.com","http://www.karmaytours.com","karmay-tours","https://services.bhutan.travel/search/tour-operator/karmay-tours"
"628","Keys to Bhutan","+975 17118171","ktb975.b2b@gmail.com","http://www.keystobhutan.com/","keys-to-bhutan","https://services.bhutan.travel/search/tour-operator/keys-to-bhutan"
"1620","Khala Mebar Tours & Trek","+975 17111137","khalamebar@gmail.com","http://www.khalamebar.com","khala-mebar-tours-trek","https://services.bhutan.travel/search/tour-operator/khala-mebar-tours-trek"
"608","Kinga Lhendup Adventures","+975 17562508","bhutankladventures@gmail.com","http://www.bhutankladventures.com","kinga-lhendup-adventures","https://services.bhutan.travel/search/tour-operator/kinga-lhendup-adventures"
"1580","Kingdom Of Happiness Tours","+975 16108730","hello@kingdomofhappinesstours.com","http://www.kingdomofhappinesstours.com","kingdom-of-happiness-tours","https://services.bhutan.travel/search/tour-operator/kingdom-of-happiness-tours"
"1439","Kingdom Quest","+975 17852983","kingdomquestbhutan@gmail.com","http://www.kingdomquestbhutan.com","kingdom-quest","https://services.bhutan.travel/search/tour-operator/kingdom-quest"
"1127","Kingdom Tour & Trek","+975 77256770","aogateways@gmail.com","https://kingdomexplore.com/","alpha-omega-gateway","https://services.bhutan.travel/search/tour-operator/alpha-omega-gateway"
"1565","Kiyul Odyssey","+975 16140577","explore@kiyulodyssey.com","http://kiyulodyssey.com/","kiyul-odyssey","https://services.bhutan.travel/search/tour-operator/kiyul-odyssey"
"102","KNG Bhutan Tours and Travels","+975 17717686","kngpackages@gmail.com","http://www.kngbhutan.com","kng-bhutan-tours-and-travels","https://services.bhutan.travel/search/tour-operator/kng-bhutan-tours-and-travels"
"1019","Kraftsmen Of Remarkable Adventures","+975 17649713","reservationkora@gmail.com","https://korabhutan.com/","kraftsmen-of-remarkable-adventures","https://services.bhutan.travel/search/tour-operator/kraftsmen-of-remarkable-adventures"
"1408","KS Himalayan Journey","+975 17904309","kshimalayanjourney@gmail.com","http://kshimalayanjourney.com","ks-himalayan-journey","https://services.bhutan.travel/search/tour-operator/ks-himalayan-journey"
"737","Kuenchap Tours Bhutan Travels (KTBT)","+975 17110591","ceo@ktbhutan.com","http://www.ktbhutan.com","kuenchap-tours-bhutan-travels-ktbt","https://services.bhutan.travel/search/tour-operator/kuenchap-tours-bhutan-travels-ktbt"
"1186","Kuenga Rawa Tours and Travels","+975 17829061","krttinfo@gmail.com","http://www.tripinbhutan.com","kuenga-rawa-tours-and-travels","https://services.bhutan.travel/search/tour-operator/kuenga-rawa-tours-and-travels"
"592","Kuenga Tours & Trek","+975 17647714","kuengatoursbt@gmail.com","http://www.kuengatours.bt","kuenga-tours-trek","https://services.bhutan.travel/search/tour-operator/kuenga-tours-trek"
"1258","Kuenpel Travels","+975 17671286","kyarpel@gmail.com","http://kuenpeltravels.bt","kuenpel-travels","https://services.bhutan.travel/search/tour-operator/kuenpel-travels"
"302","Kuenshey Tours and Trek","+975 77105571","kuensheytours@gmail.com","http://www.kuensheytours.com","kuenshey-tours-and-trek","https://services.bhutan.travel/search/tour-operator/kuenshey-tours-and-trek"
"697","Kuzu Bhutan Travel","+975 17730998","kuzubhutantravel@gmail.com","http://www.kuzubhutantravels.com","kuzu-bhutan-travel","https://services.bhutan.travel/search/tour-operator/kuzu-bhutan-travel"
"82","Kuzu Travel","+975 77898242","kuzutravel10@gmail.com","http://www.kuzutravel.com","kuzu-travel","https://services.bhutan.travel/search/tour-operator/kuzu-travel"
"1398","Kuzu Zangpo Travels","+975 17477387","kuzuzangpotravels@gmail.com","http://www.kuzuzangpotravels.com","kuzu-zangpo-travels","https://services.bhutan.travel/search/tour-operator/kuzu-zangpo-travels"
"1068","Lamden Tours and Adventure","+975 17473024","lamdentours@gmail.com","http://globaltourisms.com/partners-lamden","lamden-tours-and-adventure","https://services.bhutan.travel/search/tour-operator/lamden-tours-and-adventure"
"1257","Land of Thunder Dragon Tours and Travel","+975 77419163","lotdtourstravel77@gmail.com","http://www.whereisbhutan.com","land-of-thunder-dragon-tours-and-travel","https://services.bhutan.travel/search/tour-operator/land-of-thunder-dragon-tours-and-travel"
"898","Langur Eco Travels","+975 17160228","tangbi@langurecotravels.com","http://www.bhutanbirdingtours.com","langur-eco-travels","https://services.bhutan.travel/search/tour-operator/langur-eco-travels"
"46","Laya Tours and Treks","+975 17114909","layatoursreservation@gmail.com","http://www.layatours.de","laya-tours-and-treks","https://services.bhutan.travel/search/tour-operator/laya-tours-and-treks"
"1037","Lhalam Tours","+975 77177000","lhalam.toursandtravels@gmail.com","http://lhalamtoursandtravels.com","lhalam-tours","https://services.bhutan.travel/search/tour-operator/lhalam-tours"
"684","Lhamo Drizangma","+975 17305322","lhamodrizangma@gmail.com","http://lhamodrizangma.com/","lhamo-drizangma","https://services.bhutan.travel/search/tour-operator/lhamo-drizangma"
"1480","Lhojong Dumra Tours","+975 77360462","yeshiongki16@gmail.com","http://Www.lhojongdumratours.com","lhojong-dumra-tours","https://services.bhutan.travel/search/tour-operator/lhojong-dumra-tours"
"791","Lhomen Tours & Trekking","+975 77441030","www.lhomen@gmail.com","http://www.lhomen.com.bt","lhomen-tours-trekking","https://services.bhutan.travel/search/tour-operator/lhomen-tours-trekking"
"726","Liberty Bhutan Tours","+975 17436900","info.libertybhutan@gmail.com","http://libertybhutantours.com","liberty-bhutan-tours","https://services.bhutan.travel/search/tour-operator/liberty-bhutan-tours"
"1322","Ling Travel","+975 77177166","lingtravelbhutan@gmail.com","http://www.lingtravelbhutan.com","ling-travel","https://services.bhutan.travel/search/tour-operator/ling-travel"
"606","Lingkor Tours and Treks","+975 17171766","tsheringyangdhen@gmail.com","http://lingkorbhutan.com","lingkor-tours-and-treks","https://services.bhutan.travel/search/tour-operator/lingkor-tours-and-treks"
"1238","Linkyul","+975 17836372","info.linkyul@gmail.com","https://linkyul.com/","linka-travel","https://services.bhutan.travel/search/tour-operator/linka-travel"
"320","Little Bhutan","+975 17112338","info@littlebhutan.com","https://littlebhutan.com","little-bhutan","https://services.bhutan.travel/search/tour-operator/little-bhutan"
"133","Little Planet Excursion","+975 17708108","gakigatshel@gmail.com","http://littleplanetexcursion.com","little-planet-excursion","https://services.bhutan.travel/search/tour-operator/little-planet-excursion"
"1602","LODHAY TRAVELS & TOUR","+975 17607007","dorjitee959@gmail.com","http://Www.lodhaytt.com","lodhay-travels-tour","https://services.bhutan.travel/search/tour-operator/lodhay-travels-tour"
"860","Lotus Adventures Bhutan","+975 17110005","zikhatobgay@gmail.com","http://Bhutanlotus.com","lotus-adventures-bhutan","https://services.bhutan.travel/search/tour-operator/lotus-adventures-bhutan"
"923","lotus Arising Travel","+975 17545482","lotusarisingtravel@gmail.com","http://www.lotusarisingtravel.com","lotus-arising-travel","https://services.bhutan.travel/search/tour-operator/lotus-arising-travel"
"977","Lotus Path Adventures","+975 77858443","info@lotuspathadventures.com","http://lotuspathadventures.com","lotus-path-adventures","https://services.bhutan.travel/search/tour-operator/lotus-path-adventures"
"99","Lucky Dragon Tours & Treks","+975 77493458","info@luckydragontravels.com","http://www.bhutantouragents.com","lucky-dragon-tours-treks","https://services.bhutan.travel/search/tour-operator/lucky-dragon-tours-treks"
"1558","LumaPath","+975 77256036","kinleyom01@gmail.com","http://lumapth.mystrikingly.com","lumapath","https://services.bhutan.travel/search/tour-operator/lumapath"
"904","Lumo Tour and Travel","+975 17718795","lumott2016@gmail.com","http://www.bhutanlumotours.com/","lumo-tour-and-travel","https://services.bhutan.travel/search/tour-operator/lumo-tour-and-travel"
"1633","Luxury escapes beyond","+975 77901992","luxuryescapesbeyond@gmail.com","http://www.luxuryescapesbeyond.com","luxury-escapes-beyond","https://services.bhutan.travel/search/tour-operator/luxury-escapes-beyond"
"869","M.B.Travel","+975 17122940","mystiquebhutantravel@gmail.com","http://mystiquebhutantravel.com","mbtravel","https://services.bhutan.travel/search/tour-operator/mbtravel"
"1219","Mad Monk Travels","+975 77118644","madmonktravels@gmail.com","http://placestovisitinbhutan.com","mad-monk-travels","https://services.bhutan.travel/search/tour-operator/mad-monk-travels"
"489","Maebar Travel","+975 17834844","info@maebartravel.com","http://www.maebartravel.com","maebar-travel","https://services.bhutan.travel/search/tour-operator/maebar-travel"
"1059","Maeyangtours tours and travel","+975 17847662","info@maeyangtours.com","http://Www.maeyangtours.com","maeyangtours-tours-and-travel","https://services.bhutan.travel/search/tour-operator/maeyangtours-tours-and-travel"
"813","Magical Kingdom Tours","+975 17618553","rutland.michael@gmail.com","http://magicbhutan.com","magical-kingdom-tours","https://services.bhutan.travel/search/tour-operator/magical-kingdom-tours"
"831","Magical Mountain Travels","+975 77603468","pwangdi67@gmail.com","http://bhutanmagicaltravel.com","magical-mountain-travels","https://services.bhutan.travel/search/tour-operator/magical-mountain-travels"
"660","Magical Vacations","+975 17555557","bhutantravelfacts@gmail.com","http://bhutantravelfacts.com","magical-vacations","https://services.bhutan.travel/search/tour-operator/magical-vacations"
"1131","Make Memories Tours & Treks","+975 77777785","info@mmbhutan.com","http://mmbhutan.com","make-memories-tours-treks","https://services.bhutan.travel/search/tour-operator/make-memories-tours-treks"
"1432","Mamu-Raykong Himalayan Tours and Track","+975 77709617","thartthinley@gmail.com","http://mamuraykong.com/","mamu-raykong-himalayan-tours-and-track","https://services.bhutan.travel/search/tour-operator/mamu-raykong-himalayan-tours-and-track"
"438","ManiBata Tours & Travels","+975 17804162","urinzin2012@gmail.com","http://manibatatours.com","manibata-tours-travels","https://services.bhutan.travel/search/tour-operator/manibata-tours-travels"
"1417","Manifest B' Expeditions","+975 77961648","travel@manifestbhutan.com","https://manifestbhutan.com","manifest-b-expeditions","https://services.bhutan.travel/search/tour-operator/manifest-b-expeditions"
"49","Maps Bhutan Holidays","+975 17615883","mapsbhutan@gmail.com","http://www.mapsbhutan.com","maps-bhutan-holidays","https://services.bhutan.travel/search/tour-operator/maps-bhutan-holidays"
"1135","Mark Me Tours and Treks.","+975 77421418","bhutanmarkme@gmail.com","http://www.bhutanmarkmetourandtreks.com","mark-me-tours-and-treks","https://services.bhutan.travel/search/tour-operator/mark-me-tours-and-treks"
"755","Marvellous Bhutan Travel","+975 17114437","info@marvellousbhutan.com","http://www.marvellousbhutan.com/","marvellous-bhutan-travel","https://services.bhutan.travel/search/tour-operator/marvellous-bhutan-travel"
"1370","Maya Himalaya Travels","+975 17233434","mayahimalayan@gmail.com","http://www.mayahimalaya.com/","maya-himalaya-travels","https://services.bhutan.travel/search/tour-operator/maya-himalaya-travels"
"303","Mercury Bhutan Travels","+975 17127188","bhutan@mercurybhutan.com","http://mercurybhutan.com","mercury-bhutan-travels","https://services.bhutan.travel/search/tour-operator/mercury-bhutan-travels"
"339","Metho Adventure","+975 17602808","drukmethoadventure@gmail.com","http://drukmethoadventure.com/","metho-adventure","https://services.bhutan.travel/search/tour-operator/metho-adventure"
"503","Metho Bhutan Tours & Treks","+975 17119002","methotours@gmail.com","http://www.methobhutan.com","metho-bhutan-tours-treks","https://services.bhutan.travel/search/tour-operator/metho-bhutan-tours-treks"
"899","Migmar Tours and Travel","+975 77342900","info@migmartours.com","http://migmartours.com","migmar-tours-and-travel","https://services.bhutan.travel/search/tour-operator/migmar-tours-and-travel"
"1313","Miles With BTW","+975 17740306","btwtourinfo@gmail.com","http://www.mileswithbhutan.com","miles-with-btw","https://services.bhutan.travel/search/tour-operator/miles-with-btw"
"531","Mindful Explorers","+975 17170455","mindfulexplorersbhutan@gmail.com","http://www.mindfulexplorers.bt/index.html","mindful-explorers","https://services.bhutan.travel/search/tour-operator/mindful-explorers"
"1291","MINDFUL HAPPINESS TRAVEL","+975 17794088","mindfulhappinesstravel@gmail.com","http://mindfulhappinesstravel.com","mindful-happiness-travel","https://services.bhutan.travel/search/tour-operator/mindful-happiness-travel"
"1234","Mindful Horizon Travel","+975 77644906","mindfulhorizontravel@gmail.com","http://mindfulhorizontravel.com","mindful-horizon-travel","https://services.bhutan.travel/search/tour-operator/mindful-horizon-travel"
"960","Mindful Journeys","+975 77455234","mindfuljourneys25@gmail.com","http://mindfuljourneysbht.com","mindful-journeys","https://services.bhutan.travel/search/tour-operator/mindful-journeys"
"590","Misty Mountains Tours and Treks","+975 17110098","mistymountainstoursandtreks16@gmail.com","http://bhutanmistymountaintours.com","misty-mountains-tours-and-treks","https://services.bhutan.travel/search/tour-operator/misty-mountains-tours-and-treks"
"350","Moenlam Travels","+975 77886617","moenlamtravels@gmail.com","http://moenlamtravels.com","moenlam-travels","https://services.bhutan.travel/search/tour-operator/moenlam-travels"
"1024","MOM DMC BHUTAN ( designation management company )","+975 17115779","bhutan@mindsonmarketing.in","http://mindsonmarketing.in/bhutan-dmc/","mom-dmc-bhutan-designation-management-company","https://services.bhutan.travel/search/tour-operator/mom-dmc-bhutan-designation-management-company"
"1504","Monks and Mountains Trips","+975 77205550","mmtbhutantours@gmail.com","http://monksandmountainstrips.com","monks-and-mountains-trips","https://services.bhutan.travel/search/tour-operator/monks-and-mountains-trips"
"1081","Mountain Glory Adventure","+975 17411040","mgadventuree@gmail.com","http://mgadventure.com","mountain-glory-adventure","https://services.bhutan.travel/search/tour-operator/mountain-glory-adventure"
"1032","Mountain Travel Bliss","+975 17634216","info@mountaintravelbliss.com","http://mountaintravelbliss.com/","mountain-travel-bliss","https://services.bhutan.travel/search/tour-operator/mountain-travel-bliss"
"1130","My Asia Tours","+975 17447300","info.myasiatours@gmail.com","http://mytourasia.com","my-asia-tours","https://services.bhutan.travel/search/tour-operator/my-asia-tours"
"1139","My idyllic journey","+975 77422178","info@myidyllicjourney.com","http://www.myidyllicjourney.com","my-idyllic-journey","https://services.bhutan.travel/search/tour-operator/my-idyllic-journey"
"706","MyBhutan","+975 17611325","chechey@mybhutantravel.bt","http://www.mybhutantravel.bt","mybhutan","https://services.bhutan.travel/search/tour-operator/mybhutan"
"1603","Mystic Dragon","+975 17587471","mysticdragontoursandtravel26@gmail.com","http://mysticdragontoursandtravels.com","mystic-dragon","https://services.bhutan.travel/search/tour-operator/mystic-dragon"
"1562","mystic Tours & Travels","+975 77290489","kezang@mystic-bhutan.com","http://www.mystic-bhutan.com","mystic-tours-travels","https://services.bhutan.travel/search/tour-operator/mystic-tours-travels"
"1125","MyVista Tours & Treks","+975 17787805","kelzang@myvistabhutantours.com","http://www.myvistabhutantours.com","myvista-tours-treks","https://services.bhutan.travel/search/tour-operator/myvista-tours-treks"
"1435","Namay Samay Bhutan Tours","+975 17115005","namaysamaybhutan@gmail.com","http://namaysamaybhutan.com","namay-samay-bhutan-tours","https://services.bhutan.travel/search/tour-operator/namay-samay-bhutan-tours"
"626","Namgay Adventure Travels","+975 17924740","info@namgayadventuretravels.com","http://www.namgayadventuretravels.com","namgay-adventure-travels","https://services.bhutan.travel/search/tour-operator/namgay-adventure-travels"
"91","Nangyzer Tours & Expeditions","+975 17902465","phurbawangmo@gmail.com","http://www.nangyzertours.com","nangyzer-tours-expeditions","https://services.bhutan.travel/search/tour-operator/nangyzer-tours-expeditions"
"1250","Nature Nest Travel","+975 17425127","llhazin@gmail.com","http://naturenesttravels.com","nature-nest-travel","https://services.bhutan.travel/search/tour-operator/nature-nest-travel"
"1306","NatureWings Bhutan","+975 17582098","naturewings.sabitra@gmail.com","http://www.naturewingsbhutan.bt","naturewings-bhutan","https://services.bhutan.travel/search/tour-operator/naturewings-bhutan"
"505","Neptune Holidays Bhutan","+975 17668047","neptuneholidaysbhutan@gmail.com","http://www.neptuneholidaysbhutan.bt","neptune-holidays-bhutan","https://services.bhutan.travel/search/tour-operator/neptune-holidays-bhutan"
"304","New Age Bhutan Tours","+975 77888877","tashi@newagebhutan.com","http://www.newagebhutan.com","new-age-bhutan-tours","https://services.bhutan.travel/search/tour-operator/new-age-bhutan-tours"
"1147","NindaKar Sum Travels","+975 17800771","nindakarsumtravels@gmail.com","http://nindakarsumtravel.com","nindakar-sum-travels","https://services.bhutan.travel/search/tour-operator/nindakar-sum-travels"
"1677","Nine Tours & Treks","+975 77840800","ninetoursandtreks@gmail.com","http://www.ninetoursandtreks.com","nine-tours-treks","https://services.bhutan.travel/search/tour-operator/nine-tours-treks"
"1046","Nob Travel Associates","+975 77410199","ngbhutan777@gmail.com","http://www.nobtravelassociates.com/","nob-travel-associates","https://services.bhutan.travel/search/tour-operator/nob-travel-associates"
"635","Norbu Bhutan Travel Pve Ltd","+975 17140164","pemawangmo@norbubhutan.com","http://www.norbubhutan.com","norbu-bhutan-travel-pve-ltd","https://services.bhutan.travel/search/tour-operator/norbu-bhutan-travel-pve-ltd"
"1402","NTS Tour and Travels","+975 77208086","ntstourtravels2025@gmail.com","http://www.ntsbhutan.com","nts-tour-and-travels","https://services.bhutan.travel/search/tour-operator/nts-tour-and-travels"
"319","NUGO BHUTAN","+975 77867776","nugobhutan12@gmail.com","http://www.nugobhutan.com","nugo-bhutan","https://services.bhutan.travel/search/tour-operator/nugo-bhutan"
"1380","Nyen-Dha","+975 17950827","dorjiten020@gmail.com","http://www.nyendhatours.com","nyen-dha","https://services.bhutan.travel/search/tour-operator/nyen-dha"
"1634","Nyindha Adventures","+975 77985042","nyindhaadventure@gmail.com","http://Nyindhaadventures.com","nyindha-adventures","https://services.bhutan.travel/search/tour-operator/nyindha-adventures"
"341","Nyzer Tours & Treks","+975 17603925","nyzertours@gmail.com","http://www.bhutannyzertour.com","nyzer-tours-treks","https://services.bhutan.travel/search/tour-operator/nyzer-tours-treks"
"1586","Ogyen & Co","+975 17311069","hello@ogyen.co","http://ogyen.co","ogyen-co","https://services.bhutan.travel/search/tour-operator/ogyen-co"
"771","Oie Travel","+975 17604875","oietravel11@gmail.com","https://oietravel.bt/","oie-travel","https://services.bhutan.travel/search/tour-operator/oie-travel"
"1281","Ola Tours and Trek","+975 77299660","olahereforyou@gmail.com","http://olatoursandtrek.com/","ola-tours-and-trek","https://services.bhutan.travel/search/tour-operator/ola-tours-and-trek"
"580","Om Travenza Tours","+975 17724383","ombhutan@gmail.com","http://omtravenzabhutan.com","om-travenza-tours","https://services.bhutan.travel/search/tour-operator/om-travenza-tours"
"115","Oma tours n travels","+975 17308071","styleomaa@gmail.com","http://www.omatourntravels.com","oma-tours-n-travels","https://services.bhutan.travel/search/tour-operator/oma-tours-n-travels"
"890","OMSHA Travel","+975 77253545","omshatravel@gmail.com","https://www.omshatravel.com","omsha-travel","https://services.bhutan.travel/search/tour-operator/omsha-travel"
"872","One Bhutan Adventure","+975 17505657","sonamrinchen@ibest.bt","http://onebhutan.com","one-bhutan-adventure","https://services.bhutan.travel/search/tour-operator/one-bhutan-adventure"
"1619","One Two Three Tours","+975 17683187","onetwothreetours.bt@gmail.com","http://www.onetwothreetours.com","one-two-three-tours","https://services.bhutan.travel/search/tour-operator/one-two-three-tours"
"699","ONE WORLD TOURS AND TRAVEL","+975 17798951","oneworldticketing@gmail.com","http://www.oneworldbhutan.com","one-world-tours-and-travel","https://services.bhutan.travel/search/tour-operator/one-world-tours-and-travel"
"935","Oriental Travel Planner","+975 17801138","orientaltravelplannerbhutan@gmail.com","http://www.otpbhutan.com","oriental-travel-planner","https://services.bhutan.travel/search/tour-operator/oriental-travel-planner"
"541","Original Bhutan Travels","+975 17223888","info@originalbhutan.com","http://originalbhutan.com","original-bhutan-travels","https://services.bhutan.travel/search/tour-operator/original-bhutan-travels"
"829","Padmasambhava Tours and Treks","+975 17117810","ptt032008@gmail.com","http://travelwithptt.com/","padmasambhava-tours-and-treks","https://services.bhutan.travel/search/tour-operator/padmasambhava-tours-and-treks"
"493","Padmasana Bhutan Travel","+975 16921041","pbtbhutan@gmail.com","http://www.pbtbhutan.bt","padmasana-bhutan-travel","https://services.bhutan.travel/search/tour-operator/padmasana-bhutan-travel"
"524","Palbheu Tours and Trek","+975 17638407","palbheutoursandtrek820@gmail.com","http://www.palbheutoursandtrek.com","palbheu-tours-and-trek","https://services.bhutan.travel/search/tour-operator/palbheu-tours-and-trek"
"499","Pawo Tours & Treks","+975 77113953","bhutanpawo@gmail.com","http://bhutanpawo.com/","pawo-tours-treks","https://services.bhutan.travel/search/tour-operator/pawo-tours-treks"
"948","Peacock adventure Tours","+975 17885658","peacockbhutan@gmail.com","http://www.peacockadventuretours.bt","dhey-wang-tours-and-treks","https://services.bhutan.travel/search/tour-operator/dhey-wang-tours-and-treks"
"1109","Pelden Adventures","+975 77309589","info@peldenadventures.com","http://www.peldenadventures.com","pelden-adventures","https://services.bhutan.travel/search/tour-operator/pelden-adventures"
"1378","Peling Rose Tours & Treks","+975 77985055","info.pelingrose@gmail.com","http://www.pelingrose.com","peling-rose-tours-treks","https://services.bhutan.travel/search/tour-operator/peling-rose-tours-treks"
"801","Pelyang Bhutan Tours","+975 17952660","Pelyangbhutantours@gmail.com","http://www.pelyangbhutantours.com.bt","pelyang-bhutan-tours","https://services.bhutan.travel/search/tour-operator/pelyang-bhutan-tours"
"1156","Pema Samphel Tours and Travel","+975 77841479","pemasampheladventure@gmail.com","http://pstoursandtravel.com","pema-samphel-tours-and-travel","https://services.bhutan.travel/search/tour-operator/pema-samphel-tours-and-travel"
"546","Pema Tours and Travels","+975 17603463","info@pematoursbhutan.com","http://www.pematoursbhutan.com","pema-tours-and-travels","https://services.bhutan.travel/search/tour-operator/pema-tours-and-travels"
"1367","Phallusworldtours","+975 77879785","phallusworldtour@gmail.com","http://www.phallusworldtours.com","phallusworldtours","https://services.bhutan.travel/search/tour-operator/phallusworldtours"
"1276","Phen Phen Maa Travel Agent","+975 17507261","info@phenphenmaatravel.com","http://www.phenphenmaatravel.com","phen-phen-maa-travel-agent","https://services.bhutan.travel/search/tour-operator/phen-phen-maa-travel-agent"
"417","Phendey Tours and Treks","+975 77308966","phendeytours@gmail.com","http://www.bhutanphendeytours.com","phendey-tours-and-treks","https://services.bhutan.travel/search/tour-operator/phendey-tours-and-treks"
"1601","Phuentshok Tours & Treks","+975 77988918","info@bhutanexperiences.com","http://bhutanexperiences.com","phuentshok-tours-treks","https://services.bhutan.travel/search/tour-operator/phuentshok-tours-treks"
"1572","Phuntshok Gatshel Tours","+975 17675431","tashivarjra@gmail.com","http://www.phuntshokgatsheltours.com/","phuntshok-gatshel-tours","https://services.bhutan.travel/search/tour-operator/phuntshok-gatshel-tours"
"1514","Pine and Prayer Travel","+975 17762302","info@pineandprayertravel.com","http://Pineandprayertravel.com/","pine-and-prayer-travel","https://services.bhutan.travel/search/tour-operator/pine-and-prayer-travel"
"885","Pine Peak Travels","+975 77334665","pinepeaktravels@gmail.com","https://pinepeaktravels.com","pine-peak-travels","https://services.bhutan.travel/search/tour-operator/pine-peak-travels"
"883","Planet Pulse Tours and Trek","+975 77913666","info@planetbhutantours.com","http://www.planetbhutantours.com","planet-pulse-tours-and-trek","https://services.bhutan.travel/search/tour-operator/planet-pulse-tours-and-trek"
"398","Prayer Flags Tours & Adventure","+975 17569767","info@prayerflagstours.com","http://www.prayerflagstours.com/","prayer-flags-tours-adventure","https://services.bhutan.travel/search/tour-operator/prayer-flags-tours-adventure"
"1459","Prestige Travel","+975 17744461","prestigetravelbhutan@gmail.com","http://prestigetravelbhutan.com","prestige-travel","https://services.bhutan.travel/search/tour-operator/prestige-travel"
"1475","Pureland Travel Quest","+975 77309614","infobhutanquest@gmail.com","http://www.bhutanquest.com","pureland-travel-quest","https://services.bhutan.travel/search/tour-operator/pureland-travel-quest"
"441","Purely Bhutan","+975 77385842","info@purelybhutan.com","http://purelybhutan.com","purely-bhutan","https://services.bhutan.travel/search/tour-operator/purely-bhutan"
"555","Quick Travellers","+975 17536741","info@quicktravellers.com","http://www.quicktravellers.com","quick-travellers","https://services.bhutan.travel/search/tour-operator/quick-travellers"
"1034","Rainbow Tours and Treks","+975 17111058","rainbow@rainbowbhutan.com","http://rainbowbhutan.com","rainbow-tours-and-treks","https://services.bhutan.travel/search/tour-operator/rainbow-tours-and-treks"
"618","Raven Tours and Treks","+975 17561977","discover@raventoursandtreks.com","http://www.raventoursandtreks.com","raven-tours-and-treks","https://services.bhutan.travel/search/tour-operator/raven-tours-and-treks"
"495","Rays Vacation","+975 17619550","raysbhutan@gmail.com","http://www.raysvacation.com","rays-vacation","https://services.bhutan.travel/search/tour-operator/rays-vacation"
"751","Recess Bhutan Tours","+975 17614829","info@recessbhutantours.com","http://www.recessbhutantours.com","recess-bhutan-tours","https://services.bhutan.travel/search/tour-operator/recess-bhutan-tours"
"724","Rejuvenate tours and travels","+975 17780808","rejuvenatetoursandtravels@gmail.com","http://Rejuvenatetravels.com","rejuvenate-tours-and-travels","https://services.bhutan.travel/search/tour-operator/rejuvenate-tours-and-travels"
"720","Relish Tours Bhutan","+975 17744214","relishtoursbhutan@gmail.com","http://www.relishbhutantours.com","relish-tours-bhutan","https://services.bhutan.travel/search/tour-operator/relish-tours-bhutan"
"58","Ren Tours & Treks","+975 17119322","renbhutan@gmail.com","http://www.reachbhutan.com","ren-tours-treks","https://services.bhutan.travel/search/tour-operator/ren-tours-treks"
"1048","Renown Bhutan Adventures","+975 77759316","renownbhutanadv@gmail.com","http://www.renownbhutanadventures.com","renown-bhutan-adventures","https://services.bhutan.travel/search/tour-operator/renown-bhutan-adventures"
"1022","Resa Tours and Travel","+975 17630494","resabhutandestination@gmail.com","https://www.resa-bhutan.com","resa-tours-and-travel","https://services.bhutan.travel/search/tour-operator/resa-tours-and-travel"
"797","Reveal Bhutan Tours and Treks","+975 17520809","revealbhutan@gmail.com","http://www.revealbhutan.com","reveal-bhutan-tours-and-treks","https://services.bhutan.travel/search/tour-operator/reveal-bhutan-tours-and-treks"
"1338","Rhododendron Belle Tours","+975 77917555","rhododendronbelle@gmail.com","http://bhutanrhododendrontours.com","rhododendron-belle-tours","https://services.bhutan.travel/search/tour-operator/rhododendron-belle-tours"
"135","RI RAB HOLIDAYS","+975 17997663","tsheringd12@gmail.com","http://www.facebook.com/tourbhutan21/","ri-rab-holidays","https://services.bhutan.travel/search/tour-operator/ri-rab-holidays"
"852","Ridra Tours & Treks","+975 17436848","ridratourstreks@gmail.com","http://www.bhutanridra.com","ridra-tours-treks","https://services.bhutan.travel/search/tour-operator/ridra-tours-treks"
"812","Rimso Travels and Ticketing","+975 77217447","bhutanrimsotravels@gmail.com","http://rimsotravels.com","rimso-travels-and-ticketing","https://services.bhutan.travel/search/tour-operator/rimso-travels-and-ticketing"
"661","Rinchen Tours & Travels","+975 17652608","rinchentourstreks@gmail.com","http://www.bhutanrinchentours.com","rinchen-tours-travels","https://services.bhutan.travel/search/tour-operator/rinchen-tours-travels"
"1318","Rinlha Tours & Treks","+975 17630488","rinlha.tours@gmail.com","http://www.bhutanrinlhatours.com","rinlha-tours-treks","https://services.bhutan.travel/search/tour-operator/rinlha-tours-treks"
"1390","Rinzin Thunderbolt","+975 77205059","ginger22nd@gmail.com","http://www.rtb.bt","rinzin-thunderbolt","https://services.bhutan.travel/search/tour-operator/rinzin-thunderbolt"
"1576","ritual journeys","+975 17641040","RitualJourneys@hotmail.com","http://ritualjourneysbhutan.com","ritual-journeys","https://services.bhutan.travel/search/tour-operator/ritual-journeys"
"959","RJD","+975 77754222","rjdtours@gmail.com","http://www.rjd.com","rjd","https://services.bhutan.travel/search/tour-operator/rjd"
"1050","Routes and Journeys","+975 17111400","info@routesandjourneys.com","http://www.travelbhutantours.com","routes-and-journeys","https://services.bhutan.travel/search/tour-operator/routes-and-journeys"
"595","Rural Heritage Bhutan","+975 17113615","opsandres@ruralheritagebhutan.com","http://www.ruralheritagebhutan.com","rural-heritage-bhutan","https://services.bhutan.travel/search/tour-operator/rural-heritage-bhutan"
"954","Rustic Frontiers","+975 17349862","info@rusticfrontiers.com","http://rusticfrontiers.com","rustic-frontiers","https://services.bhutan.travel/search/tour-operator/rustic-frontiers"
"665","sacred himalaya travel","+975 17113562","info@sacredhimalayatravel.com","http://www.sacredhimalayatravel.com","sacred-himalaya-travel","https://services.bhutan.travel/search/tour-operator/sacred-himalaya-travel"
"567","Sacred Kingdom","+975 77888822","sacredkingdomtravel@gmail.com","http://sacredkingdom.travel","sacred-kingdom","https://services.bhutan.travel/search/tour-operator/sacred-kingdom"
"1539","Sacred Peak Journeys","+975 17118046","karma@sacredpeaksjourneys.com","http://www.sacredpeaksjourneys.com","sacred-peak-journeys","https://services.bhutan.travel/search/tour-operator/sacred-peak-journeys"
"1179","SaidPieceTravelers","+975 17899794","saidpiecetravel@gmail.com","http://www.saidpiecetravel.com","saidpiecetravelers","https://services.bhutan.travel/search/tour-operator/saidpiecetravelers"
"1049","Sakten Tours & Treks","+975 17110926","info@sakten.com","http://www.bhutanhimalayas.com","sakten-tours-treks","https://services.bhutan.travel/search/tour-operator/sakten-tours-treks"
"722","Samlha Tours and Travels","+975 77229851","samlhatravel@gmail.com","http://samlhatours.com","samlha-tours-and-travels","https://services.bhutan.travel/search/tour-operator/samlha-tours-and-travels"
"1416","Samten Phuentshog Yoesel Travel","+975 77980123","lhamopema355@gmail.com","http://samtenphuentshogyoeseltravel.com","samten-phuentshog-yoesel-travel","https://services.bhutan.travel/search/tour-operator/samten-phuentshog-yoesel-travel"
"892","Sanctuary Gateway","+975 17388970","sanctuarygatewaytoursandtrek@gmail.com","http://www.sanctuarygateway.com","sanctuary-gateway","https://services.bhutan.travel/search/tour-operator/sanctuary-gateway"
"798","SC Ventures","+975 17739844","hello@thescventures.com","http://www.thescventures.com","sc-ventures","https://services.bhutan.travel/search/tour-operator/sc-ventures"
"1111","SD Travel","+975 17726912","info@sdconsultant.com.au","http://www.travel.sdconsultant.com.au","sd-travel","https://services.bhutan.travel/search/tour-operator/sd-travel"
"127","SEM-ZANG Tours","+975 17612155","sotob.st@gmail.com","http://www.semzang.com","sem-zang-tours","https://services.bhutan.travel/search/tour-operator/sem-zang-tours"
"1644","Serene Echo","+975 17965303","tandind73@gmail.com","http://sareneecho.com","serene-echo","https://services.bhutan.travel/search/tour-operator/serene-echo"
"1110","Serene Getaways-Bhutan","+975 17169999","info@serenebhutan.com","http://serenebhutan.com","serene-getaways-bhutan","https://services.bhutan.travel/search/tour-operator/serene-getaways-bhutan"
"1088","Serenity Journeys Tours and Treks","+975 77940859","info@serenityjourneys.com.bt","http://serenityjourneys.com.bt","serenity-journeys-tours-and-treks","https://services.bhutan.travel/search/tour-operator/serenity-journeys-tours-and-treks"
"844","Serenity Retreats","+975 77201947","serenityretreatsbhutan@gmail.com","http://serenityretreatsbhutan.com/","serenity-retreats","https://services.bhutan.travel/search/tour-operator/serenity-retreats"
"1280","Ser-Yoed Tours and Travel","+975 77366602","seryoedbhutantours@gmail.com","http://seryoedtravel.com/tourPost/","ser-yoed-tours-and-travel","https://services.bhutan.travel/search/tour-operator/ser-yoed-tours-and-travel"
"128","Sha Adventure","+975 77610853","shaadventure@gmail.com","http://www.shaadventure.com","sha-adventure","https://services.bhutan.travel/search/tour-operator/sha-adventure"
"982","Shahara Bhutan Tours and Trek","+975 17220349","shaharabhutantours@gmail.com","http://www.shaharabhutantours.bt","shahara-bhutan-tours-and-trek","https://services.bhutan.travel/search/tour-operator/shahara-bhutan-tours-and-trek"
"1568","Shambhala Trails","+975 77763604","shambhalabhutan22@gmail.com","http://shambhalatrails.com","shambhala-trails","https://services.bhutan.travel/search/tour-operator/shambhala-trails"
"916","Shangrila Bhutan Tours & Treks","+975 17111011","shangrilabhutan@gmail.com","http://shangrilabhutan.com","shangrila-bhutan-tours-treks","https://services.bhutan.travel/search/tour-operator/shangrila-bhutan-tours-treks"
"998","Shangrila Footprints","+975 17722333","shangrilafootprints@gmail.com","http://www.shangrilafootprints.com","shangrila-footprints","https://services.bhutan.travel/search/tour-operator/shangrila-footprints"
"1189","shekinah glory travels","+975 17477507","info@shekinahglorytravel.com","http://shekinahglorytravel.com","shekinah-glory-travels","https://services.bhutan.travel/search/tour-operator/shekinah-glory-travels"
"1491","Shining Bhutan Tours and Treks","+975 17602229","sangpojigs@gmail.com","http://www.shiningbhutan.com","shining-bhutan-tours-and-treks","https://services.bhutan.travel/search/tour-operator/shining-bhutan-tours-and-treks"
"816","Simply Bhutan","+975 17684332","bhutan@simplybhutan.com","http://www.simplybhutan.com","simply-bhutan","https://services.bhutan.travel/search/tour-operator/simply-bhutan"
"1508","Skine Travels","+975 77718524","funsogelsen@gmail.com","http://skinetravels.com","skine-travels","https://services.bhutan.travel/search/tour-operator/skine-travels"
"621","SKY Travels","+975 17603836","bhutansky@gmail.com","http://www.bhutanskytravels.com","sky-travels","https://services.bhutan.travel/search/tour-operator/sky-travels"
"926","slowsteps","+975 17111269","slowsteps.bt@gmail.com","http://www.slowsteps.bt","slowsteps","https://services.bhutan.travel/search/tour-operator/slowsteps"
"842","smile bhutan","+975 77763794","smilebhutantours@gmail.com","http://www.smilebhutan.com","smile-bhutan","https://services.bhutan.travel/search/tour-operator/smile-bhutan"
"1501","SNG Tours & Treks","+975 17610623","sngtoursandtreks@gmail.com","http://www.sngbhutantravels.com","sng-tours-treks","https://services.bhutan.travel/search/tour-operator/sng-tours-treks"
"1294","Snow Lion Travels- Tours & Treks","+975 17115125","info@snowliontravels.com","http://www.snowliontravels.com","snow-lion-travels-tours-treks","https://services.bhutan.travel/search/tour-operator/snow-lion-travels-tours-treks"
"1271","SNOW PIGEON TOURS & TREK","+975 17635357","snowpigeon14@gmail.com","http://omnijourney.earth","snow-pigeon-tours-trek","https://services.bhutan.travel/search/tour-operator/snow-pigeon-tours-trek"
"95","Snow White treks and tours","+975 17111161","info@snowwhitetours.com.bt","http://www.snowwhitetours.com.bt","snow-white-treks-and-tours","https://services.bhutan.travel/search/tour-operator/snow-white-treks-and-tours"
"1122","Soha Voyage","+975 77605271","contact@sohavoyage.com","http://www.sohavoyage.com","soha-voyage","https://services.bhutan.travel/search/tour-operator/soha-voyage"
"1551","Sojourn Guru Tours and Treks","+975 77983174","sojournguruadventure@gmail.com","http://sojournguru.com","sojourn-guru-tours-and-treks","https://services.bhutan.travel/search/tour-operator/sojourn-guru-tours-and-treks"
"1058","Sokshing Travel","+975 77980203","sokshingtravel@gmail.com","http://www.sokshingtravel.com","sokshing-travel","https://services.bhutan.travel/search/tour-operator/sokshing-travel"
"1556","solira tours and treks","+975 17806928","solirabhutan@gmail.com","http://www.soliratoursandtrek.com","solira-tours-and-treks","https://services.bhutan.travel/search/tour-operator/solira-tours-and-treks"
"727","Somify Destination Tours","+975 17607858","info@somifydestination.com","https://somifydestination.com/","somify-destination-tours","https://services.bhutan.travel/search/tour-operator/somify-destination-tours"
"1217","Sonam Norden Tours and Treks","+975 77158899","info@bhutanrose.com","http://www.sonamnordentravels.com","sonam-norden-tours-and-treks","https://services.bhutan.travel/search/tour-operator/sonam-norden-tours-and-treks"
"416","Sorwa Bhutan Travels","+975 77627626","sorwabhutan@gmail.com","http://www.sorwabhutan.com","sorwa-bhutan-travels","https://services.bhutan.travel/search/tour-operator/sorwa-bhutan-travels"
"289","Soul Trips","+975 17795090","hello@soultrips.co","https://soultrips.co/","soul-trips","https://services.bhutan.travel/search/tour-operator/soul-trips"
"1497","South Hills Tours & Travels","+975 17550505","southhillstourstravels@gmail.com","http://www.southillsadventure.com","south-hills-tours-travels","https://services.bhutan.travel/search/tour-operator/south-hills-tours-travels"
"529","Southeast Himalaya Adventure","+975 77238374","southeasthimalaya@gmail.com","http://www.southeasthimalaya.com","southeast-himalaya-adventure","https://services.bhutan.travel/search/tour-operator/southeast-himalaya-adventure"
"436","Spirit of Bhutan Tours","+975 17170388","bhutanspirit@gmail.com","http://www.spiritofbhutan.net","spirit-of-bhutan-tours","https://services.bhutan.travel/search/tour-operator/spirit-of-bhutan-tours"
"1213","Subba Adventures","+975 77260400","subbaadventures@gmail.com","http://www.subbaadventures.com","subba-adventures","https://services.bhutan.travel/search/tour-operator/subba-adventures"
"1157","Sundara Bhutan","+975 77783859","sundarabhutan@gmail.com","http://www.sundarabhutan.com","sundara-bhutan","https://services.bhutan.travel/search/tour-operator/sundara-bhutan"
"1343","sweet-escapes-tours-and-travels","+975 17275527","sweetescapes.bhutan@gmail.com","http://www.sweetescapesbhutan.com","sweet-escapes-tours-and-travels","https://services.bhutan.travel/search/tour-operator/sweet-escapes-tours-and-travels"
"1594","Swift Adventure","+975 16103333","bhutanswiftadventure@gmail.com","http://Bhutanswiftadventure.com","swift-adventure","https://services.bhutan.travel/search/tour-operator/swift-adventure"
"72","Tales of Bhutan Tour","+975 17779500","talesofbhutantour@gmail.com","http://www.bhutantourcompany.com","tales-of-bhutan-tour","https://services.bhutan.travel/search/tour-operator/tales-of-bhutan-tour"
"807","Tall Pines","+975 17164692","tallpinesbhutan@gmail.com","http://www.tallpinesbhutan.com","tall-pines","https://services.bhutan.travel/search/tour-operator/tall-pines"
"1389","Tamyig Journeys","+975 17523151","deeongmoo10@gmail.com","http://www.tamyig.com/#about","tamyig-journeys","https://services.bhutan.travel/search/tour-operator/tamyig-journeys"
"941","Tandin Bhutan Travel","+975 17545041","tandinbhutantravel@gmail.com","http://tandinbhutantravel.com","tandin-bhutan-travel","https://services.bhutan.travel/search/tour-operator/tandin-bhutan-travel"
"1427","Tashi Phuntsho Tours and Travels","+975 77794604","booking.tashiphuntshotours@gmail.com","http://www.tashiphuntshotoursandtravels.com","tashi-phuntsho-tours-and-travels","https://services.bhutan.travel/search/tour-operator/tashi-phuntsho-tours-and-travels"
"108","Tashi Tours & Travel","+975 77108888","oprations.tashitours@gmail.com","http://bhutantashitravel.com/website","tashi-tours-travel","https://services.bhutan.travel/search/tour-operator/tashi-tours-travel"
"25","TEEM TRAVEL BHUTAN","+975 17391186","ttbhutan7@gmail.com","http://www.teembhutan.com","teem-travel-bhutan","https://services.bhutan.travel/search/tour-operator/teem-travel-bhutan"
"1064","Tengtengma Tours","+975 17127471","tengtengmatours@gmail.com","http://tengtengmatours.com","tengtengma-tours","https://services.bhutan.travel/search/tour-operator/tengtengma-tours"
"602","Terton Travel Bhutan","+975 77179999","tertonbhutan@gmail.com","http://tertontravelbhutan.com","terton-travel-bhutan","https://services.bhutan.travel/search/tour-operator/terton-travel-bhutan"
"479","The Gawa Holidays","+975 17118100","thegawaholidays@gmail.com","http://www.thegawaholidays.com","the-gawa-holidays","https://services.bhutan.travel/search/tour-operator/the-gawa-holidays"
"1560","The Grand Dragon planet tours and trek","+975 77407712","thegranddragonplanet@gmail.com","http://belieftours.com/","the-grand-dragon-planet-tours-and-trek","https://services.bhutan.travel/search/tour-operator/the-grand-dragon-planet-tours-and-trek"
"742","The Great Himlayan Explorer","+975 17523905","thegreathimalayanexplorer@gmail.com","http://www.tghexplorer.com/","the-great-himlayan-explorer","https://services.bhutan.travel/search/tour-operator/the-great-himlayan-explorer"
"631","The Green Dot Bhutan Tours","+975 17645105","thegreendotbhutantours@gmail.com","http://www.thegreendotbhutantours.com","the-green-dot-bhutan-tours","https://services.bhutan.travel/search/tour-operator/the-green-dot-bhutan-tours"
"1067","The Happy Firm-LAM THI THUY HA","+975 17939036","team@thehappyfirmbhutan.com","http://thehappyfirmbhutan.com/","the-happy-firm-lam-thi-thuy-ha","https://services.bhutan.travel/search/tour-operator/the-happy-firm-lam-thi-thuy-ha"
"920","The Hoppers Adventure","+975 17965187","thehoppersadventure@gmail.com","http://thehoppersadventurecom","the-hoppers-adventure","https://services.bhutan.travel/search/tour-operator/the-hoppers-adventure"
"1407","The Mindful Path Tours","+975 77337201","themindfulpathtours11@gmail.com","http://www.themindfulpathtours.com","the-mindful-path-tours","https://services.bhutan.travel/search/tour-operator/the-mindful-path-tours"
"1062","The Orchard Travels","+975 17700787","theorchardtravels@gmail.com","http://theorchardtravels.com","the-orchard-travels","https://services.bhutan.travel/search/tour-operator/the-orchard-travels"
"940","The Travel Organizer","+975 77609035","thetravelorganizer24@gmail.com","http://www.thetravelsorganizer.com","the-travel-organizer","https://services.bhutan.travel/search/tour-operator/the-travel-organizer"
"353","The Traveller Trails","+975 17461287","travellertrailsbhutan@gmail.com","http://www.thetravellertrailsbhutan.com.bt","the-traveller-trails","https://services.bhutan.travel/search/tour-operator/the-traveller-trails"
"774","Thinley Tours and Travel","+975 17533756","thinleytours@gmail.com","http://www.thinleybhutantours.com","thinley-tours-and-travel","https://services.bhutan.travel/search/tour-operator/thinley-tours-and-travel"
"301","Thoesam Tours and Trekking","+975 77104989","info@thoesam.travel","http://thoesam.travel","thoesam-tours-and-trekking","https://services.bhutan.travel/search/tour-operator/thoesam-tours-and-trekking"
"1647","Three Valleys Expedition","+975 77107254","bookingsthreevalleyexpedition@gmail.com","http://www.threevalleysbhutan.com","three-valleys-expedition","https://services.bhutan.travel/search/tour-operator/three-valleys-expedition"
"861","Thun Tour  & Travel","+975 17324605","thuntour2019@gmail.com","http://Www.ThunTour.com","thun-tour-travel","https://services.bhutan.travel/search/tour-operator/thun-tour-travel"
"77","Thunphel Bhutan Travels","+975 17171579","thunphelbhutan@gmail.com","http://www.thunpheltours.com/","thunphel-bhutan-travels","https://services.bhutan.travel/search/tour-operator/thunphel-bhutan-travels"
"119","Tiger Adventures Bhutan","+975 77111009","tigeradventures@gmail.com","http://www.bhutantigertour.com/","tiger-adventures-bhutan","https://services.bhutan.travel/search/tour-operator/tiger-adventures-bhutan"
"346","Tiny Kingdom Travels","+975 17665442","tinykingdomtours@gmail.com","http://www.tinykingdomtours.com/","tiny-kingdom-travels","https://services.bhutan.travel/search/tour-operator/tiny-kingdom-travels"
"1476","TNP Travel","+975 16127069","tnptravel26@gmail.com","http://www.tnptravel.com","tnp-travel","https://services.bhutan.travel/search/tour-operator/tnp-travel"
"426","To Bhutan","+975 17744356","tobhutan108@gmail.com","http://www.tobhutan.bt","to-bhutan","https://services.bhutan.travel/search/tour-operator/to-bhutan"
"1128","Topjoy Travels","+975 17982363","trustseek506@gmail.com","http://www.bhutanet.com","topjoy-travels","https://services.bhutan.travel/search/tour-operator/topjoy-travels"
"825","Touch Bhutan Travel","+975 77399342","hello@touchbhutantravel.com","http://www.touchbhutantravel.com","touch-bhutan-travel","https://services.bhutan.travel/search/tour-operator/touch-bhutan-travel"
"1581","Tours of Chilli and Tales","+975 17952188","happychilliandtales@gmail","http://www.chilliandtales.com/","tours-of-chilli-and-tales","https://services.bhutan.travel/search/tour-operator/tours-of-chilli-and-tales"
"1038","Travel Finder Tours","+975 17937798","info@travelfindertours.com","http://www.travelfindertours.com","travel-finder-tours","https://services.bhutan.travel/search/tour-operator/travel-finder-tours"
"1387","Travel Mantra","+975 77676872","info@bhutantravelmantra.com","http://www.bhutantravelmantra.com","travel-mantra","https://services.bhutan.travel/search/tour-operator/travel-mantra"
"1187","Travel More","+975 17236237","travelmorebhutan@gmail.com","http://www.travelmorebhutan.com","travel-more","https://services.bhutan.travel/search/tour-operator/travel-more"
"1405","Travel To Bhutan","+975 17621454","mailtraveltobhutan@gmail.com","http://www.traveltobhutan.bt","travel-to-bhutan","https://services.bhutan.travel/search/tour-operator/travel-to-bhutan"
"1275","Travel to Happiness","+975 77726229","kddtoursandtravel@gmail.com","http://www.kddtoursandtravel.com","travel-to-happiness","https://services.bhutan.travel/search/tour-operator/travel-to-happiness"
"1056","Travel Touch Tours","+975 77492544","traveltouchbhutan@gmail.com","http://traveltouchtours.com","travel-touch-tours","https://services.bhutan.travel/search/tour-operator/travel-touch-tours"
"1369","Travel With Indo Shangrila","+975 17170641","info@travelwithindobhutan.com","http://travelwithindobhutan.com/","travel-with-indo-shangrila","https://services.bhutan.travel/search/tour-operator/travel-with-indo-shangrila"
"947","Travel.Bhutan","+975 17125271","dekiw15@gmail.com","http://www.travelbhutan.travel","travelbhutan","https://services.bhutan.travel/search/tour-operator/travelbhutan"
"917","Travelalchemy tours and travels","+975 17888008","travelalchemytours@gmail.com","http://bhutantravelalchemy.com","travelalchemy-tours-and-travels","https://services.bhutan.travel/search/tour-operator/travelalchemy-tours-and-travels"
"1632","traveland travellers","+975 16103523","rinchen@travelandtravellers.com","http://travelandtravellers.com","traveland-travellers","https://services.bhutan.travel/search/tour-operator/traveland-travellers"
"65","Travelers Choice","+975 17170332","kamagelin@gmail.com","http://www.bhutantravelerschoice.com","travelers-choice","https://services.bhutan.travel/search/tour-operator/travelers-choice"
"846","Traveller's Guide","+975 77713013","travellersguidebhutan@gmail.com","http://www.bhutantravellersguide.com","travellers-guide","https://services.bhutan.travel/search/tour-operator/travellers-guide"
"865","TravelMadness","+975 17113852","travelmadnessbhutan@gmail.com","https://www.travelsmadness.travel","travelmadness","https://services.bhutan.travel/search/tour-operator/travelmadness"
"1253","Travelutions","+975 17504077","travelutionsbhutan@gmail.com","http://www.travelutionsbhutan.com","travelutions","https://services.bhutan.travel/search/tour-operator/travelutions"
"769","Trekking In Bhutan","+975 77845366","sales@trekking-in-bhutan.com","http://www.trekking-in-bhutan.com","trekking-in-bhutan","https://services.bhutan.travel/search/tour-operator/trekking-in-bhutan"
"714","TREKKUP BHUTAN","+975 17988259","bhutantrekkup@gmail.com","http://trekkup-bhutan.com","trekkup-bhutan","https://services.bhutan.travel/search/tour-operator/trekkup-bhutan"
"1003","Trip to Dragon Kingdom Tours","+975 77314036","triptodragonkingdomtours@gmail.com","http://triptodragonkingdom.com","trip-to-dragon-kingdom-tours","https://services.bhutan.travel/search/tour-operator/trip-to-dragon-kingdom-tours"
"1077","TROGON TRAVELS","+975 77988977","info@trogontravels.com","https://trogontravels.com","trogon-travels","https://services.bhutan.travel/search/tour-operator/trogon-travels"
"412","Truly Bhutan Travel","+975 17130038","trulybhutantravel@gmail.com","https://trulybhutan.com","truly-bhutan-travel","https://services.bhutan.travel/search/tour-operator/truly-bhutan-travel"
"696","trustedtours","+975 77731798","dorjikinley9814@gmail.com","http://www.trustedtoursbt.com","trustedtours","https://services.bhutan.travel/search/tour-operator/trustedtours"
"1573","Tse Tours and Travel","+975 17119900","tsetoursandtravel@gmail.com","http://tsetravels.com","tse-tours-and-travel","https://services.bhutan.travel/search/tour-operator/tse-tours-and-travel"
"772","Tsenden Travel Service","+975 17113311","tsenden@gmail.com","http://www.bhutantsendentravel.com","tsenden-travel-service","https://services.bhutan.travel/search/tour-operator/tsenden-travel-service"
"1323","Tshe Dorji Tours And Travel","+975 17246282","tshedorjitoursandtravel@gmail.com","http://tshedorjitoursandtravel.com/","tshe-dorji-tours-and-travel","https://services.bhutan.travel/search/tour-operator/tshe-dorji-tours-and-travel"
"533","TT Tours & Travels","+975 77491898","bhutantourwithtt@gmail.com","http://www.tttoursandtravels.com","tt-tours-travels","https://services.bhutan.travel/search/tour-operator/tt-tours-travels"
"884","TTaksa Tours & Travel","+975 77209205","yuraataksa@gmail.com","http://www.ttaksatravel.com","ttaksa-tours-travel","https://services.bhutan.travel/search/tour-operator/ttaksa-tours-travel"
"1524","Ugyen-TG tours and trek","+975 17388488","ugenthinley90@gmail.com","http://Ugyentg-tours.com","ugyen-tg-tours-and-trek","https://services.bhutan.travel/search/tour-operator/ugyen-tg-tours-and-trek"
"1349","Ultimate Botan Travel","+975 17171566","info@ultimatebhutantravel.com","http://ultimatebhutantravel.com","ultimate-botan-travel","https://services.bhutan.travel/search/tour-operator/ultimate-botan-travel"
"1382","Uni Asia tour","+975 17625924","uniasiabt@hotmail.com","http://www.uniasiatour.com","uni-asia-tour","https://services.bhutan.travel/search/tour-operator/uni-asia-tour"
"1667","unknown himalayas tours and treks","+975 16168313","contact@himalayas.com","http://unknownhimalayas.com","unknown-himalayas-tours-and-treks","https://services.bhutan.travel/search/tour-operator/unknown-himalayas-tours-and-treks"
"1656","Unseen Himalayas","+975 16168893","unseenhimalayasbhutan@gmail.com","http://www.theunseenhimalayas.com/","unseen-himalayas","https://services.bhutan.travel/search/tour-operator/unseen-himalayas"
"342","Untold Bhutan Tours and Travels","+975 17464442","untoldbhutan@gmail.com","http://www.untoldbhutan.com","untold-bhutan-tours-and-travels","https://services.bhutan.travel/search/tour-operator/untold-bhutan-tours-and-travels"
"710","Unveilinghappiness Tours and Treks","+975 17931005","unveilinghappiness@gmail.com","http://www.unveilinghappiness.com","unveilinghappiness-tours-and-treks","https://services.bhutan.travel/search/tour-operator/unveilinghappiness-tours-and-treks"
"1388","Utpal Holidays","+975 77412267","ktshering695@gmail.com","http://utpalholidays.com","utpal-holidays","https://services.bhutan.travel/search/tour-operator/utpal-holidays"
"570","Vacation Venture Tours","+975 77687208","vacationventuretour56@gmail.com","http://www.vacationventuretour.com","vacation-venture-tours","https://services.bhutan.travel/search/tour-operator/vacation-venture-tours"
"512","Vajra guru spiritual travels","+975 17636588","vajrag@gmail.com","http://www.bhutanspiritual.com","vajra-guru-spiritual-travels","https://services.bhutan.travel/search/tour-operator/vajra-guru-spiritual-travels"
"1623","Vattara Quest","+975 17869033","vattaraquest@gmail.com","http://www.vattaraquest.bt","vattara-quest","https://services.bhutan.travel/search/tour-operator/vattara-quest"
"1132","VenTara Tours","+975 17323976","info@ventaratours.com","http://www.ventaratours.com","ventara-tours","https://services.bhutan.travel/search/tour-operator/ventara-tours"
"1385","Viaggio Anima Himalaya","+975 17578625","viaggioanimahimalaya@gmail.com","http://viaggioanimahimalaya.com","viaggio-anima-himalaya","https://services.bhutan.travel/search/tour-operator/viaggio-anima-himalaya"
"859","Vision Himalaya Tours","+975 17301301","visionhimalayatours@gmail.com","https://visionhimalaya.com/","vision-himalaya-tours","https://services.bhutan.travel/search/tour-operator/vision-himalaya-tours"
"738","Visit Bhutan Tours and Travels","+975 77282894","visitbhutantravels@gmail.com","http://www.visitbhutantours.com","visit-bhutan-tours-and-travels","https://services.bhutan.travel/search/tour-operator/visit-bhutan-tours-and-travels"
"993","visit happy trip","+975 77700226","visithappytrip@gmail.com","http://www.visithappytrip.com","visit-happy-trip","https://services.bhutan.travel/search/tour-operator/visit-happy-trip"
"1007","Vivid Bhutan Travels","+975 17541815","vividbhutan@gmail.com","https://www.vividbhutan.com","vivid-bhutan-travels","https://services.bhutan.travel/search/tour-operator/vivid-bhutan-travels"
"1516","Wanderlust  Culture and Adventure Tours","+975 17999505","lhadonsonam49@gmail.com","http://wanderlustcultureadventures.com","wanderlust-culture-and-adventure-tours","https://services.bhutan.travel/search/tour-operator/wanderlust-culture-and-adventure-tours"
"1106","Wanderlust Expedition","+975 17771787","wanderlustexpd@gmail.com","http://www.wanderslustexpedition.com","wanderlust-expedition","https://services.bhutan.travel/search/tour-operator/wanderlust-expedition"
"1490","Wanderlust Experience","+975 17997008","jamyang3392@gmail.com","http://bhutanwanderlustexperience.com","wanderlust-experience","https://services.bhutan.travel/search/tour-operator/wanderlust-experience"
"1225","Wanderlust Travel","+975 17939874","bhutanwanderlust7@gmail.com","http://bhutanwanderlust.com","wanderlust-travel","https://services.bhutan.travel/search/tour-operator/wanderlust-travel"
"484","Wangchuk Tours & Treks","+975 17118800","mail@wangchuktours.com","http://www.wangchuktours.com","wangchuk-tours-treks","https://services.bhutan.travel/search/tour-operator/wangchuk-tours-treks"
"1500","Wayfarertravels","+975 16136559","wayfarertravels@gmail.com","http://Wayfartravels.com","wayfarertravels","https://services.bhutan.travel/search/tour-operator/wayfarertravels"
"1351","Welcome Travels","+975 17110488","ceo@cometobhutan.com","http://wel.cometobhutan.com","welcome-travels","https://services.bhutan.travel/search/tour-operator/welcome-travels"
"298","White Raven Tours & Travels","+975 17920418","whiteraventours@gmail.com","http://www.whiteraventours.com","white-raven-tours-travels","https://services.bhutan.travel/search/tour-operator/white-raven-tours-travels"
"743","White Umbrella Tours","+975 77331613","phuentshowhiteu@gmail.com","https://wangdi.ru","white-umbrella-tours","https://services.bhutan.travel/search/tour-operator/white-umbrella-tours"
"548","Wild Nature Quest","+975 17119664","bhutanbirding@gmail.com","http://www.bhutanbirding.com","wild-nature-quest","https://services.bhutan.travel/search/tour-operator/wild-nature-quest"
"596","Wind Horse Tours, Treks & Expeditions","+975 17164151","yonten@windhorsetours.com","http://www.windhorsetours.com","wind-horse-tours-treks-expeditions","https://services.bhutan.travel/search/tour-operator/wind-horse-tours-treks-expeditions"
"561","Window To Bhutan","+975 17627266","info@windowtobhutan.com","http://www.windowtobhutan.com","window-to-bhutan","https://services.bhutan.travel/search/tour-operator/window-to-bhutan"
"293","Wing Trip Tour and Trek","+975 17982556","sanendup@gmail.com","http://www.wingtriptravel.com.bt","wing-trip-tour-and-trek","https://services.bhutan.travel/search/tour-operator/wing-trip-tour-and-trek"
"1199","Wings to Himalayan Kingdom Tours and Treks","+975 77655585","wingstobhutan@outlook.com","http://www.wingstohimalayankingdom.com","wings-to-himalayan-kingdom-tours-and-treks","https://services.bhutan.travel/search/tour-operator/wings-to-himalayan-kingdom-tours-and-treks"
"1188","Winsome Dragon Travels","+975 77470808","bhutanwinsome@gmail.com","http://bhutanwinsome.com","winsome-dragon-travels","https://services.bhutan.travel/search/tour-operator/winsome-dragon-travels"
"683","Woekar Trengwan Adventure","+975 77215288","woekaradventure@gmail.com","http://woekartrengwanadventure.com/","woekar-trengwan-adventure","https://services.bhutan.travel/search/tour-operator/woekar-trengwan-adventure"
"1317","Wonderful Expeditions","+975 17848477","wonderfulexpeditions@gmail.com","http://wonderfulexpeditions.com","wonderful-expeditions","https://services.bhutan.travel/search/tour-operator/wonderful-expeditions"
"62","World Tour Plan","+975 17789278","info@worldtourplan.com","http://www.worldtourplan.com","world-tour-plan","https://services.bhutan.travel/search/tour-operator/world-tour-plan"
"1404","World Tourism Desk","+975 17372607","worldtourismdesk@gmail.com","http://www.worldtourismdesk.com","world-tourism-desk","https://services.bhutan.travel/search/tour-operator/world-tourism-desk"
"1251","Worldair Holiday","+975 17170799","worldairholiday@gmail.com","http://www.worldair.com.cn","worldair-holiday","https://services.bhutan.travel/search/tour-operator/worldair-holiday"
"1532","WorldAir Travel","+975 17311928","ennsung87@gmail.com","http://www.worldairbhutan.com","worldair-travel","https://services.bhutan.travel/search/tour-operator/worldair-travel"
"1437","Xpedition Travel","+975 77348575","karmabhutan@xpdtravel.com","http://www.xpdtravel.com","xpedition-travel","https://services.bhutan.travel/search/tour-operator/xpedition-travel"
"589","xplore Bhutan","+975 17474180","pemanidupbsa@gmail.com","http://www.bhutanxplore.com/","xplore-bhutan","https://services.bhutan.travel/search/tour-operator/xplore-bhutan"
"588","Yak Holidays International","+975 77280724","yakadv@gmail.com","http://traveltobhutan.travel","yak-holidays-international","https://services.bhutan.travel/search/tour-operator/yak-holidays-international"
"23","YANA Expeditions","+975 17119779","reservation@yanatravel.com","http://yanatravel.com","yana-expeditions","https://services.bhutan.travel/search/tour-operator/yana-expeditions"
"1536","YangChhar Journeys","+975 77765059","yangchharjourneys@gmail.com","http://www.yangchharworld.com","yangchhar-journeys","https://services.bhutan.travel/search/tour-operator/yangchhar-journeys"
"936","Yangphel Adventure  Travel","+975 17119030","peldon@yangphel.com","http://www.aboutbhutan.com","yangphel-adventure-travel","https://services.bhutan.travel/search/tour-operator/yangphel-adventure-travel"
"1008","Yatara Adventure","+975 17628813","bhutantravelpackage@gmail.com","http://www.bhutantravelpackage.com","yatara-adventure","https://services.bhutan.travel/search/tour-operator/yatara-adventure"
"677","Yatniel Tours and Treks","+975 77642977","yatnieltoursandtreks@gmail.com","http://www.yatnieltoursandtreks.com","yatniel-tours-and-treks","https://services.bhutan.travel/search/tour-operator/yatniel-tours-and-treks"
"315","Yeega Adventure Tours","+975 17687018","yeegaadventure.bt@gmail.com","http://www.yeegaadventuretours.bt","yeega-adventure-tours","https://services.bhutan.travel/search/tour-operator/yeega-adventure-tours"
"292","Yelha Bhutan Tours and Travels","+975 17609635","yelhabhutan@gmail.com","http://www.yelhabhutantour.com/about-yelha-bhutan/","yelha-bhutan-tours-and-travels","https://services.bhutan.travel/search/tour-operator/yelha-bhutan-tours-and-travels"
"104","Yeti Homeland Adventures","+975 77231259","yeti.bhutan@gmail.com","http://bhutantoursandtravel.com/","yeti-homeland-adventures","https://services.bhutan.travel/search/tour-operator/yeti-homeland-adventures"
"429","Yodsel Tours & Treks","+975 17127071","bhutanyodsel@gmail.com","http://yodselbhutan.com/","yodsel-tours-treks","https://services.bhutan.travel/search/tour-operator/yodsel-tours-treks"
"1583","YOENZO Tours and Treks","+975 17844242","yoenzotoursandtrek@gmail.com","http://yoenzotravel.com","yoenzo-tours-and-treks","https://services.bhutan.travel/search/tour-operator/yoenzo-tours-and-treks"
"1194","Your Holidays Travel","+975 17679650","yourholidayst@gmail.com","http://yourholidaytravel.com","your-holidays-travel","https://services.bhutan.travel/search/tour-operator/your-holidays-travel"
"1113","Yuden Tours Bhutan","+975 17110528","ceo@bhutanyudentours.com","http://www.bhutanyudentours.com","yuden-tours-bhutan","https://services.bhutan.travel/search/tour-operator/yuden-tours-bhutan"
"745","Yu-Druk Tours & Treks","+975 17444917","yudruk1985@gmail.com","http://www.yudruk.com","yu-druk-tours-treks","https://services.bhutan.travel/search/tour-operator/yu-druk-tours-treks"
"427","Yuelkor Tours and Travel","+975 77222111","yuelkortour@gmail.com","http://www.yuelkortour.com","yuelkor-tours-and-travel","https://services.bhutan.travel/search/tour-operator/yuelkor-tours-and-travel"
"344","Yumka Travels","+975 17835759","yumkatravels@gmail.com","http://www.yumkatravels.com","yumka-travels","https://services.bhutan.travel/search/tour-operator/yumka-travels"
"1332","Yuthika Tours and Travels","+975 77337275","yuthikatoursandtravels@gmail.com","http://yuthikatoursandtravels.com/","yuthika-tours-and-travels","https://services.bhutan.travel/search/tour-operator/yuthika-tours-and-travels"
"81","Zhidey Bhutan Tours & Treks","+975 77975035","zhidey@zhideybhutan.com","http://www.zhideybhutan.com.bt","zhidey-bhutan-tours-treks","https://services.bhutan.travel/search/tour-operator/zhidey-bhutan-tours-treks"
"1415","Zhingkham Excrusions","+975 17398517","info@zhingkhamexcursions.com","http://www.zhingkhamexcursions.com","zhingkham-excrusions","https://services.bhutan.travel/search/tour-operator/zhingkham-excrusions"
"1384","ZHIWA YATRA","+975 77751678","zhiwayatra@gmail.com","http://zhiwayatra.com/","zhiwa-yatra","https://services.bhutan.travel/search/tour-operator/zhiwa-yatra"
"1446","Zoid jin tours","+975 17957495","zoidjintours@gmail.com","http://www.bhutandestinationtours.com","zoid-jin-tours","https://services.bhutan.travel/search/tour-operator/zoid-jin-tours"
